player_name,matches_played,innings_bowled,overs_bowled,maidens_earned,runs_conceded,wickets_taken,best_innings_bowling,bowling_average,economy_rate,bowling_strike_rate,four_wkts_in_an_inns,five_wkts_in_an_inns,catches_taken,stumpings_made
P Amarnath,6,6,22,0,236,7,2/29,33.71,10.72,18.8,0,0,2,0
S Anirudha,19,-,-,-,-,-,-,-,-,-,-,-,11,0
KB Arun Karthik,1,-,-,-,-,-,-,-,-,-,-,-,0,0
R Ashwin,97,94,337.4,4,2180,90,3/16,24.22,6.45,22.5,0,0,20,0
KM Asif,2,2,6,0,75,3,2/43,25,12.5,12,0,0,0,0
S Badree,4,4,14,0,97,2,1/19,48.5,6.92,42,0,0,0,0
S Badrinath,95,-,-,-,-,-,-,-,-,-,-,-,16,0
GJ Bailey,4,-,-,-,-,-,-,-,-,-,-,-,0,0
L Balaji,29,29,93.4,0,809,31,5/24,26.09,8.63,18.1,1,1,5,0
SW Billings,10,-,-,-,-,-,-,-,-,-,-,-,5,0
DE Bollinger,27,27,96,3,693,37,4/13,18.72,7.21,15.5,1,0,8,0
DJ Bravo,77,74,246,1,2075,93,4/42,22.31,8.43,15.8,1,0,48,0
DL Chahar,12,12,38.1,1,278,10,3/15,27.8,7.28,22.9,0,0,1,0
MS Dhoni,145,-,-,-,-,-,-,-,-,-,-,-,69,26
F du Plessis,51,1,1,0,16,0,-,-,16,-,0,0,26,0
SP Fleming,10,-,-,-,-,-,-,-,-,-,-,-,2,0
A Flintoff,3,3,11,0,105,2,1/11,52.5,9.54,33,0,0,4,0
C Ganapathy,1,1,1,0,13,0,-,-,13,-,0,0,0,0
MS Gony,26,26,85,3,707,23,3/34,30.73,8.31,22.1,0,0,5,0
Harbhajan Singh,13,12,31.5,0,270,7,2/22,38.57,8.48,27.2,0,0,4,0
JW Hastings,1,1,3,0,29,1,1/29,29,9.66,18,0,0,0,0
ML Hayden,32,-,-,-,-,-,-,-,-,-,-,-,11,0
BW Hilfenhaus,17,17,62,2,479,22,3/27,21.77,7.72,16.9,0,0,1,0
JO Holder,6,6,20,0,168,2,2/20,84,8.4,60,0,0,3,0
DJ Hussey,5,1,2.5,0,38,2,2/38,19,13.41,8.5,0,0,1,0
MEK Hussey,50,-,-,-,-,-,-,-,-,-,-,-,23,0
Imran Tahir,6,6,20.4,0,188,6,2/34,31.33,9.09,20.6,0,0,2,0
RA Jadeja,86,74,216.1,0,1672,66,5/16,25.33,7.73,19.6,3,1,36,0
KM Jadhav,1,-,-,-,-,-,-,-,-,-,-,-,0,0
SB Jakati,50,48,152.1,1,1180,45,4/22,26.22,7.75,20.2,2,0,17,0
Joginder Sharma,16,15,42.4,0,419,12,2/27,34.91,9.82,21.3,0,0,5,0
S Randiv,8,8,29,0,223,6,2/24,37.16,7.68,29,0,0,2,0
CK Kapugedera,5,3,2.5,0,49,0,-,-,17.29,-,0,0,4,0
JM Kemp,5,5,7.2,0,54,3,3/12,18,7.36,14.6,0,0,1,0
KMDN Kulasekara,6,5,17,0,120,5,2/10,24,7.05,20.4,0,0,4,0
B Laughlin,2,2,7,0,71,1,1/25,71,10.14,42,0,0,0,0
BB McCullum,28,-,-,-,-,-,-,-,-,-,-,-,8,0
VY Mahesh,5,4,9.2,0,81,3,2/21,27,8.67,18.6,0,0,1,0
M Manhas,12,-,-,-,-,-,-,-,-,-,-,-,3,0
RG More,2,2,5.5,0,59,1,1/31,59,10.11,35,0,0,1,0
JA Morkel,78,75,254.1,3,2058,76,4/32,27.07,8.09,20,1,0,15,0
CH Morris,16,16,50,0,401,15,3/40,26.73,8.02,20,0,0,5,0
A Mukund,2,-,-,-,-,-,-,-,-,-,-,-,3,0
M Muralitharan,40,40,156,1,994,40,3/11,24.85,6.37,23.4,0,0,11,0
DP Nannes,5,5,19.5,0,158,4,2/17,39.5,7.96,29.7,0,0,3,0
P Negi,12,12,37,0,327,6,2/25,54.5,8.83,37,0,0,5,0
A Nehra,20,20,77,0,591,30,4/10,19.7,7.67,15.4,1,0,3,0
L Ngidi,7,7,26,2,156,11,4/10,14.18,6,14.1,1,0,1,0
M Ntini,9,9,35,2,242,7,4/21,34.57,6.91,30,1,0,1,0
JDP Oram,15,11,31.3,0,282,8,3/32,35.25,8.95,23.6,0,0,8,0
IC Pandey,23,22,73,4,541,17,2/23,31.82,7.41,25.7,0,0,6,0
PA Patel,26,-,-,-,-,-,-,-,-,-,-,-,9,2
NLTC Perera,1,1,1,0,19,0,-,-,19,-,0,0,0,0
SK Raina,147,58,128.2,0,928,24,2/0,38.66,7.23,32,0,0,84,0
AS Rajpoot,2,2,4,0,35,1,1/25,35,8.75,24,0,0,0,0
AT Rayudu,16,-,-,-,-,-,-,-,-,-,-,-,2,0
WP Saha,14,-,-,-,-,-,-,-,-,-,-,-,2,0
V Shankar,1,1,1,0,19,0,-,-,19,-,0,0,0,0
KV Sharma,6,5,9.3,0,89,4,2/13,22.25,9.36,14.2,0,0,3,0
MM Sharma,47,47,161.3,0,1259,57,4/14,22.08,7.79,17,1,0,10,0
DR Shorey,1,-,-,-,-,-,-,-,-,-,-,-,0,0
DR Smith,32,6,12,0,112,5,1/11,22.4,9.33,14.4,0,0,14,0
TG Southee,5,5,19,0,166,4,1/30,41.5,8.73,28.5,0,0,0,0
SB Styris,2,1,1,0,13,0,-,-,13,-,0,0,1,0
SN Thakur,13,13,46.4,1,431,16,2/18,26.93,9.23,17.5,0,0,4,0
T Thushara,6,6,22.3,0,161,8,2/16,20.12,7.15,16.8,0,0,3,0
S Tyagi,14,14,34.5,0,295,6,2/18,49.16,8.46,34.8,0,0,3,0
S Vidyut,9,1,2,0,22,1,1/22,22,11,12,0,0,1,0
M Vijay,65,-,-,-,-,-,-,-,-,-,-,-,32,0
SR Watson,15,11,28,0,251,6,2/29,41.83,8.96,28,0,0,3,0
DJ Willey,3,3,10,0,95,2,1/24,47.5,9.5,30,0,0,2,0
MA Wood,1,1,4,0,49,0,-,-,12.25,-,0,0,1,0
AN Ahmed,10,10,31,1,257,8,2/13,32.12,8.29,23.2,0,0,2,0
CJ Anderson,16,11,22,0,217,5,2/18,43.4,9.86,26.4,0,0,6,0
STR Binny,1,1,1,0,9,0,-,-,9,-,0,0,0,0
AC Blizzard,7,-,-,-,-,-,-,-,-,-,-,-,4,0
DJ Bravo,30,30,87.4,1,719,26,3/24,27.65,8.2,20.2,0,0,15,0
JJ Bumrah,61,61,227,3,1773,63,3/7,28.14,7.81,21.6,0,0,7,0
JC Buttler,24,-,-,-,-,-,-,-,-,-,-,-,8,0
YS Chahal,1,1,4,0,34,0,-,-,8.5,-,0,0,0,0
UBT Chand,7,-,-,-,-,-,-,-,-,-,-,-,3,0
SD Chitnis,3,2,6,0,60,2,2/40,30,10,18,0,0,1,0
NM Coulter-Nile,1,1,4,0,29,1,1/29,29,7.25,24,0,0,1,0
BCJ Cutting,9,7,17,0,168,2,1/12,84,9.88,51,0,0,7,0
A Dananjaya,1,1,4,0,47,0,-,-,11.75,-,0,0,0,0
M de Lange,2,2,8,1,62,2,2/32,31,7.75,24,0,0,0,0
R Dhawan,6,5,15,1,109,2,1/6,54.5,7.26,45,0,0,3,0
S Dhawan,15,-,-,-,-,-,-,-,-,-,-,-,6,0
JP Duminy,26,10,26,0,166,5,2/15,33.2,6.38,31.2,0,0,9,0
BR Dunk,3,-,-,-,-,-,-,-,-,-,-,-,3,0
CRD Fernando,10,10,39,0,298,17,4/18,17.52,7.64,13.7,1,0,3,0
AJ Finch,3,-,-,-,-,-,-,-,-,-,-,-,0,0
JEC Franklin,20,15,25.1,0,220,9,2/18,24.44,8.74,16.7,0,0,6,0
CM Gautam,9,-,-,-,-,-,-,-,-,-,-,-,3,3
HH Gibbs,3,-,-,-,-,-,-,-,-,-,-,-,0,0
S Gopal,6,6,19.1,0,154,7,2/25,22,8.03,16.4,0,0,1,0
MJ Guptill,3,-,-,-,-,-,-,-,-,-,-,-,0,0
Harbhajan Singh,136,134,486.3,5,3385,127,5/18,26.65,6.95,22.9,1,1,40,0
MEK Hussey,9,-,-,-,-,-,-,-,-,-,-,-,3,0
Ishan Kishan,14,-,-,-,-,-,-,-,-,-,-,-,9,2
DJ Jacobs,7,-,-,-,-,-,-,-,-,-,-,-,3,2
ST Jayasuriya,30,21,49,1,390,13,3/14,30,7.95,22.6,0,0,4,0
MG Johnson,22,22,84,1,600,31,3/26,19.35,7.14,16.2,0,0,8,0
KD Karthik,36,-,-,-,-,-,-,-,-,-,-,-,17,4
Z Khan,26,26,91.4,1,664,26,3/21,25.53,7.24,21.1,0,0,6,0
MA Khote,4,2,5,0,51,2,2/29,25.5,10.2,15,0,0,0,0
DS Kulkarni,33,33,106.1,1,846,36,3/18,23.5,7.96,17.6,0,0,6,0
P Kumar,3,3,12,0,78,3,2/31,26,6.5,24,0,0,0,0
RE Levi,6,-,-,-,-,-,-,-,-,-,-,-,2,0
E Lewis,13,-,-,-,-,-,-,-,-,-,-,-,3,0
MJ McClenaghan,51,51,194.2,0,1661,68,4/21,24.42,8.54,17.1,1,0,1,0
CJ McKay,2,2,7,0,60,1,1/36,60,8.57,42,0,0,0,0
R McLaren,10,10,34,0,270,4,2/28,67.5,7.94,51,0,0,2,0
C Madan,1,-,-,-,-,-,-,-,-,-,-,-,0,0
SL Malinga,110,110,426.2,8,2928,154,5/13,19.01,6.86,16.6,4,1,20,0
M Markande,14,14,44,0,368,15,4/23,24.53,8.36,17.6,1,0,3,0
GJ Maxwell,3,2,2,0,23,0,-,-,11.5,-,0,0,1,0
Mohammad Ashraful,1,-,-,-,-,-,-,-,-,-,-,-,2,0
AG Murtaza,8,8,32,0,208,6,2/18,34.66,6.5,32,0,0,2,0
Mustafizur Rahman,7,7,27.3,0,230,7,3/24,32.85,8.36,23.5,0,0,2,0
C Nanda,3,3,8,0,57,2,1/4,28.5,7.12,24,0,0,0,0
GR Napier,1,1,4,0,27,1,1/27,27,6.75,24,0,0,0,0
AM Nayar,30,9,19,0,152,5,3/13,30.4,8,22.8,0,0,9,0
A Nehra,14,14,44.5,0,348,12,3/13,29,7.76,22.4,0,0,7,0
A Nel,1,1,3,0,31,1,1/31,31,10.33,18,0,0,0,0
PP Ojha,38,37,130.2,1,1004,29,3/11,34.62,7.7,26.9,0,0,3,0
JDP Oram,1,1,4,0,22,0,-,-,5.5,-,0,0,0,0
MK Pandey,3,-,-,-,-,-,-,-,-,-,-,-,0,0
HH Pandya,50,44,102.2,0,923,28,3/24,32.96,9.01,21.9,0,0,32,0
KH Pandya,39,37,111.2,0,793,28,3/14,28.32,7.12,23.8,0,0,13,0
MM Patel,31,31,116,3,862,40,5/21,21.55,7.43,17.4,2,1,8,0
PA Patel,40,-,-,-,-,-,-,-,-,-,-,-,22,6
RV Pawar,1,-,-,-,-,-,-,-,-,-,-,-,0,0
NLTC Perera,2,2,2.3,0,27,0,-,-,10.8,-,0,0,2,0
RJ Peterson,5,4,8,0,70,3,3/37,23.33,8.75,16,0,0,1,0
KA Pollard,132,81,199.5,0,1770,56,4/44,31.6,8.85,21.4,1,0,74,0
SM Pollock,13,13,46,1,301,11,3/12,27.36,6.54,25,0,0,2,0
RT Ponting,6,-,-,-,-,-,-,-,-,-,-,-,2,0
RW Price,1,1,3,0,33,0,-,-,11,-,0,0,0,0
AM Rahane,10,1,1,0,5,1,1/5,5,5,6,0,0,1,0
RR Raje,10,10,23.1,0,209,6,2/16,34.83,9.02,23.1,0,0,3,0
N Rana,17,1,1,0,3,0,-,-,3,-,0,0,4,0
AT Rayudu,114,-,-,-,-,-,-,-,-,-,-,-,45,2
L Ronchi,5,-,-,-,-,-,-,-,-,-,-,-,4,0
PJ Sangwan,1,1,2,0,19,0,-,-,9.5,-,0,0,0,0
K Santokie,2,2,8,0,90,3,2/50,30,11.25,16,0,0,1,0
R Sathish,21,8,13.1,0,122,2,1/11,61,9.26,39.5,0,0,6,0
PR Shah,14,-,-,-,-,-,-,-,-,-,-,-,10,2
RA Shaikh,1,1,1,0,11,0,-,-,11,-,0,0,0,0
KV Sharma,9,9,30.4,0,214,13,4/16,16.46,6.97,14.1,1,0,3,0
RG Sharma,128,8,9.2,0,101,1,1/20,101,10.82,56,0,0,57,0
R Shukla,1,1,3,0,31,0,-,-,10.33,-,0,0,0,0
LMP Simmons,29,1,3,0,34,1,1/34,34,11.33,18,0,0,10,0
RP Singh,11,11,41,0,318,10,3/28,31.8,7.75,24.6,0,0,3,0
DR Smith,24,13,29,0,237,9,3/26,26.33,8.17,19.3,0,0,11,0
TG Southee,14,14,53,1,425,12,3/24,35.41,8.01,26.5,0,0,5,0
J Suchith,14,13,41,0,368,10,2/14,36.8,8.97,24.6,0,0,8,0
TL Suman,10,3,6,0,50,0,-,-,8.33,-,0,0,3,0
P Suyal,5,5,16,0,151,2,1/21,75.5,9.43,48,0,0,1,0
A Symonds,11,3,4,0,41,1,1/11,41,10.25,24,0,0,5,0
YV Takawale,11,-,-,-,-,-,-,-,-,-,-,-,11,3
AP Tare,29,-,-,-,-,-,-,-,-,-,-,-,2,5
SR Tendulkar,78,4,6,0,58,0,-,-,9.66,-,0,0,23,0
DJ Thornely,6,4,7,0,40,3,2/7,13.33,5.71,14,0,0,3,0
SS Tiwary,24,-,-,-,-,-,-,-,-,-,-,-,4,0
RV Uthappa,14,-,-,-,-,-,-,-,-,-,-,-,9,0
R Vinay Kumar,17,17,55.3,1,463,12,2/17,38.58,8.34,27.7,0,0,6,0
SA Yadav,15,-,-,-,-,-,-,-,-,-,-,-,8,0
VS Yeligati,2,2,5,0,59,0,-,-,11.8,-,0,0,0,0
UA Birla,2,-,-,-,-,-,-,-,-,-,-,-,1,0
MJ Clarke,6,5,11,0,67,2,1/12,33.5,6.09,33,0,0,1,0
AB Dinda,20,20,73,1,634,25,4/18,25.36,8.68,17.5,1,0,4,0
JP Faulkner,1,1,2,1,9,1,1/9,9,4.5,12,0,0,0,0
CJ Ferguson,9,-,-,-,-,-,-,-,-,-,-,-,2,0
AJ Finch,14,3,4,0,49,1,1/11,49,12.25,24,0,0,2,0
SC Ganguly,19,4,10,0,95,2,2/27,47.5,9.5,30,0,0,7,0
RV Gomez,2,1,1,0,5,0,-,-,5,-,0,0,2,0
Harpreet Singh,3,-,-,-,-,-,-,-,-,-,-,-,2,0
AA Jhunjhunwala,3,2,2,0,22,0,-,-,11,-,0,0,4,0
Kamran Khan,1,1,3,0,47,0,-,-,15.66,-,0,0,0,0
M Kartik,17,17,57,1,432,5,2/14,86.4,7.57,68.4,0,0,5,0
B Kumar,31,31,107,2,719,24,3/18,29.95,6.71,26.7,0,0,4,0
NL McCullum,2,2,5,0,34,0,-,-,6.8,-,0,0,1,0
AP Majumdar,4,-,-,-,-,-,-,-,-,-,-,-,0,0
M Manhas,23,3,7,0,42,0,-,-,6,-,0,0,9,0
MR Marsh,14,12,33.3,0,281,14,4/25,20.07,8.38,14.3,1,0,7,0
AD Mathews,20,19,57,0,432,12,3/14,36,7.57,28.5,0,0,8,0
BAW Mendis,3,3,12,0,78,2,1/15,39,6.5,36,0,0,0,0
MD Mishra,7,-,-,-,-,-,-,-,-,-,-,-,0,0
SS Mundhe,1,1,1,0,6,1,1/6,6,6,6,0,0,0,0
AG Murtaza,4,4,12,0,105,3,3/15,35,8.75,24,0,0,1,0
AM Nayar,11,3,8,0,59,2,1/15,29.5,7.37,24,0,0,1,0
A Nehra,13,13,48,0,402,11,3/23,36.54,8.37,26.1,0,0,1,0
TD Paine,2,-,-,-,-,-,-,-,-,-,-,-,0,0
IC Pandey,2,2,4,0,50,1,1/17,50,12.5,24,0,0,0,0
MK Pandey,27,-,-,-,-,-,-,-,-,-,-,-,14,0
WD Parnell,18,18,65.1,1,478,20,3/27,23.9,7.33,19.5,0,0,3,0
Parvez Rasool,2,2,5,0,28,1,1/23,28,5.6,30,0,0,0,0
S Rana,2,1,0.4,0,2,0,-,-,3,-,0,0,0,0
M Rawat,2,-,-,-,-,-,-,-,-,-,-,-,1,1
KW Richardson,3,3,11.5,0,101,2,1/28,50.5,8.53,35.5,0,0,0,0
JD Ryder,24,11,22.2,1,188,5,1/8,37.6,8.41,26.8,0,0,8,0
MN Samuels,10,9,32.4,0,250,9,3/39,27.77,7.65,21.7,0,0,1,0
R Sharma,36,36,128,1,854,34,3/13,25.11,6.67,22.5,0,0,11,0
GC Smith,4,-,-,-,-,-,-,-,-,-,-,-,1,0
SPD Smith,22,1,0.2,0,5,0,-,-,15,-,0,0,14,0
TL Suman,7,1,2,0,15,1,1/15,15,7.5,12,0,0,2,0
JE Taylor,5,5,19.3,0,157,6,3/30,26.16,8.05,19.5,0,0,0,0
LRPL Taylor,5,-,-,-,-,-,-,-,-,-,-,-,2,0
AC Thomas,15,15,52.3,2,406,14,3/22,29,7.73,22.5,0,0,3,0
K Upadhyay,3,3,9,0,81,0,-,-,9,-,0,0,1,0
RV Uthappa,46,-,-,-,-,-,-,-,-,-,-,-,25,6
SB Wagh,7,7,16,0,121,4,3/16,30.25,7.56,24,0,0,1,0
LJ Wright,7,6,11.5,0,124,2,1/12,62,10.47,35.5,0,0,2,0
Yuvraj Singh,27,23,51,0,344,15,4/29,22.93,6.74,20.4,1,0,6,0
S Ladda,1,1,2,0,21,0,-,-,10.5,-,0,0,0,0
AD Nath,5,-,-,-,-,-,-,-,-,-,-,-,0,0
SS Agarwal,1,1,4,0,42,1,1/42,42,10.5,24,0,0,1,0
Ankit Soni,7,6,18.1,0,144,2,1/16,72,7.92,54.5,0,0,1,0
Basil Thampi,12,12,44.4,0,424,11,3/29,38.54,9.49,24.3,0,0,2,0
DJ Bravo,15,15,56,0,494,17,4/22,29.05,8.82,19.7,1,0,6,0
ER Dwivedi,4,-,-,-,-,-,-,-,-,-,-,-,2,0
JP Faulkner,15,15,43.2,0,425,8,2/34,53.12,9.8,32.5,0,0,6,0
AJ Finch,26,-,-,-,-,-,-,-,-,-,-,-,8,0
MS Gony,1,1,2,0,32,0,-,-,16,-,0,0,0,0
Ishan Kishan,16,-,-,-,-,-,-,-,-,-,-,-,4,0
RA Jadeja,27,26,78.1,0,660,13,2/18,50.76,8.44,36,0,0,6,0
SB Jakati,8,8,25,0,230,2,1/13,115,9.2,75,0,0,4,0
KD Karthik,30,-,-,-,-,-,-,-,-,-,-,-,19,3
S Kaushik,10,10,34,0,297,6,3/20,49.5,8.73,34,0,0,0,0
DS Kulkarni,20,20,67.5,4,537,21,4/14,25.57,7.91,19.3,1,0,3,0
P Kumar,22,22,68,2,552,15,2/19,36.8,8.11,27.2,0,0,2,0
BB McCullum,27,-,-,-,-,-,-,-,-,-,-,-,8,0
MM Patel,2,2,7,0,57,1,1/35,57,8.14,42,0,0,0,0
IK Pathan,1,1,2,0,26,0,-,-,13,-,0,0,0,0
SK Raina,29,10,22,0,184,1,1/11,184,8.36,132,0,0,11,0
JJ Roy,3,-,-,-,-,-,-,-,-,-,-,-,1,0
PJ Sangwan,7,7,22,0,230,5,2/38,46,10.45,26.4,0,0,1,0
NB Singh,2,2,4,0,15,1,1/7,15,3.75,24,0,0,0,0
DR Smith,24,17,31,0,301,10,4/8,30.1,9.7,18.6,1,0,10,0
DW Steyn,1,1,2,0,17,0,-,-,8.5,-,0,0,0,0
PV Tambe,7,7,16,0,143,5,2/12,28.6,8.93,19.2,0,0,1,0
Tejas Baroka,1,1,3.3,0,33,0,-,-,9.42,-,0,0,0,0
AJ Tye,6,6,21,0,141,12,5/17,11.75,6.71,10.5,0,1,0,0
VR Aaron,6,6,20,0,163,7,2/3,23.28,8.15,17.1,0,0,0,0
KJ Abbott,5,5,16,0,177,2,1/38,88.5,11.06,48,0,0,0,0
YA Abdulla,11,11,34.5,1,307,15,4/31,20.46,8.81,13.9,2,0,0,0
L Ablish,3,3,7,0,75,3,2/17,25,10.71,14,0,0,0,0
AD Nath,1,-,-,-,-,-,-,-,-,-,-,-,1,0
MA Agarwal,11,-,-,-,-,-,-,-,-,-,-,-,2,0
HM Amla,16,-,-,-,-,-,-,-,-,-,-,-,0,0
Anureet Singh,17,17,59.4,0,534,15,3/23,35.6,8.94,23.8,0,0,4,0
R Ashwin,14,14,50.4,0,410,10,2/18,41,8.09,30.4,0,0,5,0
P Awana,33,33,124.3,2,1029,39,4/34,26.38,8.26,19.1,1,0,4,0
Azhar Mahmood,22,22,86.3,0,659,29,3/20,22.72,7.61,17.8,0,0,8,0
GJ Bailey,30,-,-,-,-,-,-,-,-,-,-,-,9,0
L Balaji,9,9,34,0,299,12,4/13,24.91,8.79,17,1,0,0,0
AB Barath,3,-,-,-,-,-,-,-,-,-,-,-,0,0
F Behardien,3,-,-,-,-,-,-,-,-,-,-,-,1,0
BA Bhatt,17,15,49.2,0,397,12,4/22,33.08,8.04,24.6,1,0,1,0
Bipul Sharma,15,12,33.4,0,272,8,2/32,34,8.07,25.2,0,0,4,0
MS Bisla,10,-,-,-,-,-,-,-,-,-,-,-,4,0
RS Bopara,15,7,14.2,0,132,5,3/31,26.4,9.2,17.2,0,0,5,0
RR Bose,1,1,2,0,24,0,-,-,12,-,0,0,0,0
KC Cariappa,9,9,32,0,286,7,2/16,40.85,8.93,27.4,0,0,3,0
PP Chawla,87,87,297.2,2,2237,84,4/17,26.63,7.52,21.2,1,0,22,0
SD Chitnis,7,-,-,-,-,-,-,-,-,-,-,-,1,0
P Dharmani,1,-,-,-,-,-,-,-,-,-,-,-,0,0
R Dhawan,20,20,66.2,0,531,16,2/14,33.18,8,24.8,0,0,3,0
P Dogra,3,-,-,-,-,-,-,-,-,-,-,-,1,0
JP Faulkner,2,2,8,0,72,3,2/41,24,9,16,0,0,1,0
AJ Finch,10,-,-,-,-,-,-,-,-,-,-,-,4,0
Gagandeep Singh,4,4,14,0,141,3,1/33,47,10.07,28,0,0,0,0
CH Gayle,11,-,-,-,-,-,-,-,-,-,-,-,2,0
AC Gilchrist,34,1,0.1,0,0,1,1/0,0,0,1,0,0,26,3
K Goel,22,6,11,0,93,0,-,-,8.45,-,0,0,9,0
MS Gony,8,8,28,0,256,7,2/24,36.57,9.14,24,0,0,0,0
MJ Guptill,7,-,-,-,-,-,-,-,-,-,-,-,6,0
Gurkeerat Singh,30,6,13,0,97,5,2/15,19.4,7.46,15.6,0,0,13,1
Harmeet Singh,10,10,33.4,0,278,12,3/24,23.16,8.25,16.8,0,0,2,0
RJ Harris,21,21,77,1,584,25,4/34,23.36,7.58,18.4,1,0,10,0
BE Hendricks,7,7,25,0,235,9,3/36,26.11,9.4,16.6,0,0,3,0
MJ Henry,2,2,5,0,71,1,1/31,71,14.2,30,0,0,0,0
JR Hopes,11,11,28,0,276,7,2/2,39.42,9.85,24,0,0,3,0
DJ Hussey,36,12,23,0,192,4,2/2,48,8.34,34.5,0,0,14,0
DPMD Jayawardene,36,-,-,-,-,-,-,-,-,-,-,-,16,0
MG Johnson,26,26,100.2,1,886,28,2/19,31.64,8.83,21.5,0,0,5,0
M Kaif,4,-,-,-,-,-,-,-,-,-,-,-,2,0
Karanveer Singh,9,9,34,0,321,12,4/54,26.75,9.44,17,1,0,2,0
KD Karthik,14,-,-,-,-,-,-,-,-,-,-,-,7,0
M Kartik,2,2,8,0,91,1,1/51,91,11.37,48,0,0,1,0
SM Katich,11,-,-,-,-,-,-,-,-,-,-,-,2,0
U Kaul,5,-,-,-,-,-,-,-,-,-,-,-,2,0
T Kohli,2,-,-,-,-,-,-,-,-,-,-,-,0,0
P Kumar,44,44,165.2,10,1152,31,2/10,37.16,6.96,32,0,0,4,0
B Lee,13,13,50.3,1,372,9,3/15,41.33,7.36,33.6,0,0,6,0
R McLaren,6,6,18,0,178,5,2/33,35.6,9.88,21.6,0,0,2,0
VS Malik,9,9,21.1,0,173,3,1/12,57.66,8.17,42.3,0,0,1,0
Mandeep Singh,41,-,-,-,-,-,-,-,-,-,-,-,13,0
SE Marsh,71,-,-,-,-,-,-,-,-,-,-,-,26,0
AD Mascarenhas,5,5,20,0,130,7,5/25,18.57,6.5,17.1,0,1,2,0
GJ Maxwell,52,29,49,0,434,10,2/15,43.4,8.85,29.4,0,0,21,0
DA Miller,69,-,-,-,-,-,-,-,-,-,-,-,42,0
EJG Morgan,4,-,-,-,-,-,-,-,-,-,-,-,3,0
WA Mota,12,7,12,0,97,4,1/6,24.25,8.08,18,0,0,5,0
Mujeeb Ur Rahman,11,11,41.2,0,289,14,3/27,20.64,6.99,17.7,0,0,1,0
NS Naik,2,-,-,-,-,-,-,-,-,-,-,-,2,0
KK Nair,13,-,-,-,-,-,-,-,-,-,-,-,9,0
T Natarajan,6,6,12.4,0,115,2,1/26,57.5,9.07,38,0,0,0,0
AM Nayar,14,7,11.1,0,111,2,1/22,55.5,9.94,33.5,0,0,2,0
MG Neser,1,1,4,0,62,0,-,-,15.5,-,0,0,0,0
AR Patel,68,67,234.3,2,1765,61,4/21,28.93,7.52,23,1,0,25,0
IK Pathan,42,42,149.4,3,1166,47,3/24,24.8,7.79,19.1,0,0,12,0
NLTC Perera,2,2,6,0,55,1,1/33,55,9.16,36,0,0,0,0
LA Pomersbach,12,-,-,-,-,-,-,-,-,-,-,-,2,0
RR Powar,22,21,59,0,415,11,2/11,37.72,7.03,32.1,0,0,5,0
CA Pujara,6,-,-,-,-,-,-,-,-,-,-,-,0,0
KL Rahul,14,-,-,-,-,-,-,-,-,-,-,-,10,1
AS Rajpoot,8,8,26.1,1,223,11,5/14,20.27,8.52,14.2,0,1,2,0
NJ Rimmington,1,1,3,0,19,0,-,-,6.33,-,0,0,0,0
WP Saha,57,-,-,-,-,-,-,-,-,-,-,-,36,12
P Sahu,5,5,17.3,0,146,3,2/18,48.66,8.34,35,0,0,0,0
N Saini,10,-,-,-,-,-,-,-,-,-,-,-,11,2
Sandeep Sharma,56,56,204.1,8,1587,71,4/20,22.35,7.77,17.2,2,0,8,0
KC Sangakkara,37,-,-,-,-,-,-,-,-,-,-,-,16,7
RR Sarwan,4,-,-,-,-,-,-,-,-,-,-,-,1,0
R Sathish,9,3,4,0,51,0,-,-,12.75,-,0,0,0,0
V Sehwag,25,-,-,-,-,-,-,-,-,-,-,-,5,0
I Sharma,6,6,18,0,179,0,-,-,9.94,-,0,0,0,0
MM Sharma,37,37,123.5,0,1139,33,3/23,34.51,9.19,22.5,0,0,8,0
Shivam Sharma,5,5,19,0,165,4,2/26,41.25,8.68,28.5,0,0,1,0
VRV Singh,19,18,60,0,542,12,3/29,45.16,9.03,30,0,0,3,0
RS Sodhi,3,-,-,-,-,-,-,-,-,-,-,-,2,0
S Sohal,11,-,-,-,-,-,-,-,-,-,-,-,2,0
BB Sran,6,6,22,0,229,4,2/50,57.25,10.4,33,0,0,2,0
S Sreesanth,28,28,93.1,0,825,28,3/29,29.46,8.85,19.9,0,0,2,0
SJ Srivastava,14,14,47,0,441,14,2/20,31.5,9.38,20.1,0,0,3,0
TM Srivastava,7,-,-,-,-,-,-,-,-,-,-,-,2,0
MP Stoinis,19,18,44.3,0,424,13,4/15,32.61,9.52,20.5,1,0,5,0
Sunny Singh,6,-,-,-,-,-,-,-,-,-,-,-,1,0
Swapnil Singh,5,5,10,0,90,1,1/14,90,9,60,0,0,1,0
R Tewatia,3,3,9,0,49,3,2/18,16.33,5.44,18,0,0,0,0
SN Thakur,1,1,3,0,38,1,1/38,38,12.66,18,0,0,0,0
J Theron,7,7,24,0,187,6,2/17,31.16,7.79,24,0,0,1,0
MK Tiwary,5,1,1,0,10,0,-,-,10,-,0,0,4,0
AJ Tye,14,14,56,0,448,24,4/16,18.66,8,14,3,0,5,0
PC Valthaty,21,10,25.1,0,205,7,4/29,29.28,8.14,21.5,1,0,3,0
M Vijay,25,3,5,0,36,0,-,-,7.2,-,0,0,6,0
M Vohra,45,-,-,-,-,-,-,-,-,-,-,-,13,0
Yuvraj Singh,51,27,54,0,400,14,3/13,28.57,7.4,23.1,0,0,15,0
B Akhil,1,1,2,0,22,0,-,-,11,-,0,0,0,0
Y Gnaneswara Rao,2,1,1,0,7,0,-,-,7,-,0,0,2,0
RV Gomez,11,8,15,1,124,5,2/14,24.8,8.26,18,0,0,1,0
BJ Hodge,14,4,11,0,77,7,4/13,11,7,9.4,1,0,1,0
RA Jadeja,14,14,42,0,305,8,2/25,38.12,7.26,31.5,0,0,1,0
KM Jadhav,6,-,-,-,-,-,-,-,-,-,-,-,2,0
DPMD Jayawardene,13,-,-,-,-,-,-,-,-,-,-,-,6,0
M Klinger,4,-,-,-,-,-,-,-,-,-,-,-,0,0
VVS Laxman,3,-,-,-,-,-,-,-,-,-,-,-,0,0
BB McCullum,13,-,-,-,-,-,-,-,-,-,-,-,2,0
M Muralitharan,5,5,19,0,141,2,1/18,70.5,7.42,57,0,0,1,0
P Parameswaran,5,5,15.4,0,137,4,2/20,34.25,8.74,23.5,0,0,0,0
PA Patel,14,-,-,-,-,-,-,-,-,-,-,-,8,1
NLTC Perera,4,4,14,0,111,2,1/30,55.5,7.92,42,0,0,0,0
RR Powar,5,5,12,0,112,2,1/20,56,9.33,36,0,0,0,0
P Prasanth,1,1,1,0,18,0,-,-,18,-,0,0,0,0
OA Shah,3,-,-,-,-,-,-,-,-,-,-,-,2,0
RP Singh,14,14,50,0,345,13,4/25,26.53,6.9,23,1,0,6,0
S Sreesanth,9,9,31.5,2,206,7,2/10,29.42,6.47,27.2,0,0,1,0
R Vinay Kumar,13,13,44.4,0,335,12,3/25,27.91,7.5,22.3,0,0,4,0
Ankit Sharma,8,7,23,0,168,7,2/20,24,7.3,19.7,0,0,2,0
Anureet Singh,3,3,4,0,42,1,1/20,42,10.5,24,0,0,1,0
JC Archer,10,10,38.5,0,325,15,3/22,21.66,8.36,15.5,0,0,1,0
SA Asnodkar,20,-,-,-,-,-,-,-,-,-,-,-,6,0
S Badree,1,1,4,0,34,0,-,-,8.5,-,0,0,0,0
R Bhatia,14,14,43,0,329,12,3/23,27.41,7.65,21.5,0,0,5,0
STR Binny,64,42,68,0,521,16,2/14,32.56,7.66,25.5,0,0,15,0
J Botha,24,24,89,0,610,19,3/6,32.1,6.85,28.1,0,0,9,0
JC Buttler,13,-,-,-,-,-,-,-,-,-,-,-,9,1
LA Carseldine,5,1,1,0,6,1,1/6,6,6,6,0,0,4,0
UBT Chand,1,-,-,-,-,-,-,-,-,-,-,-,0,0
A Chandila,12,12,39,0,242,11,4/13,22,6.2,21.2,1,0,7,0
AA Chavan,13,13,41.2,0,326,8,2/23,40.75,7.88,31,0,0,3,0
SD Chitnis,1,-,-,-,-,-,-,-,-,-,-,-,0,0
P Chopra,1,-,-,-,-,-,-,-,-,-,-,-,0,0
KK Cooper,25,25,96,1,757,33,4/26,22.93,7.88,17.4,1,0,12,0
BCJ Cutting,1,1,4,0,31,1,1/31,31,7.75,24,0,0,1,0
P Dogra,9,-,-,-,-,-,-,-,-,-,-,-,2,0
AP Dole,3,3,11,0,112,5,2/36,22.4,10.18,13.2,0,0,2,0
ND Doshi,3,3,5.2,0,62,1,1/15,62,11.62,32,0,0,0,0
R Dravid,46,-,-,-,-,-,-,-,-,-,-,-,10,0
JP Faulkner,42,42,151.1,3,1272,47,5/16,27.06,8.41,19.2,0,2,9,0
FY Fazal,12,2,2,0,20,0,-,-,10,-,0,0,6,0
AJ Finch,1,1,1.1,0,5,0,-,-,4.28,-,0,0,0,0
S Gopal,11,10,31,0,236,11,4/16,21.45,7.61,16.9,1,0,3,0
SP Goswami,11,-,-,-,-,-,-,-,-,-,-,-,4,4
K Gowtham,15,15,40,0,312,11,2/12,28.36,7.8,21.8,0,0,10,0
Harmeet Singh,1,1,4,0,34,1,1/34,34,8.5,24,0,0,0,0
SM Harwood,3,3,10,0,73,3,2/25,24.33,7.3,20,0,0,2,0
T Henderson,2,2,6,0,40,1,1/30,40,6.66,36,0,0,0,0
BJ Hodge,33,3,3,0,24,1,1/13,24,8,18,0,0,15,0
GB Hogg,10,10,39.2,0,284,10,2/31,28.4,7.22,23.6,0,0,1,0
DJ Hooda,14,7,15.1,0,129,1,1/35,129,8.5,91,0,0,1,0
Iqbal Abdulla,1,1,2,0,17,0,-,-,8.5,-,0,0,1,0
RA Jadeja,27,12,25.3,0,172,6,3/15,28.66,6.74,25.5,0,0,11,0
AA Jhunjhunwala,13,5,6.1,0,69,0,-,-,11.18,-,0,0,4,0
M Kaif,16,-,-,-,-,-,-,-,-,-,-,-,8,0
Kamran Akmal,6,-,-,-,-,-,-,-,-,-,-,-,5,4
Kamran Khan,8,8,23.4,0,177,9,3/18,19.66,7.47,15.7,0,0,4,0
H Klaasen,4,-,-,-,-,-,-,-,-,-,-,-,3,4
T Kohli,2,-,-,-,-,-,-,-,-,-,-,-,1,0
DS Kulkarni,27,27,81.5,2,686,23,2/9,29.82,8.38,21.3,0,0,8,0
B Laughlin,7,7,20.5,0,211,9,2/15,23.44,10.12,13.8,0,0,1,0
DS Lehmann,2,-,-,-,-,-,-,-,-,-,-,-,0,0
MK Lomror,2,2,3,0,27,0,-,-,9,-,0,0,0,0
MJ Lumb,11,-,-,-,-,-,-,-,-,-,-,-,4,0
VS Malik,4,4,13,0,88,3,2/14,29.33,6.76,26,0,0,1,0
DR Martyn,1,-,-,-,-,-,-,-,-,-,-,-,0,0
AD Mascarenhas,8,8,31.2,1,226,12,3/20,18.83,7.21,15.6,0,0,1,0
AL Menaria,29,12,18.2,0,144,3,2/20,48,7.85,36.6,0,0,5,0
M Morkel,4,4,14,0,106,0,-,-,7.57,-,0,0,2,0
CH Morris,11,11,42,0,311,13,4/23,23.92,7.4,19.3,1,0,3,0
KK Nair,25,-,-,-,-,-,-,-,-,-,-,-,7,0
S Narwal,5,5,15.4,0,185,5,3/36,37,11.8,18.8,0,0,1,0
AM Nayar,5,-,-,-,-,-,-,-,-,-,-,-,1,0
NV Ojha,22,-,-,-,-,-,-,-,-,-,-,-,6,6
JDP Oram,2,2,4,0,45,1,1/32,45,11.25,24,0,0,0,0
Pankaj Singh,12,12,35,0,322,7,2/18,46,9.2,30,0,0,1,0
MM Patel,30,30,102.5,2,779,33,3/17,23.6,7.57,18.6,0,0,7,0
NK Patel,9,-,-,-,-,-,-,-,-,-,-,-,6,0
YK Pathan,43,35,97.1,0,719,20,3/22,35.95,7.39,29.1,0,0,14,0
AG Paunikar,5,-,-,-,-,-,-,-,-,-,-,-,1,0
MDKJ Perera,2,-,-,-,-,-,-,-,-,-,-,-,0,0
RJ Quiney,7,-,-,-,-,-,-,-,-,-,-,-,1,0
AM Rahane,86,-,-,-,-,-,-,-,-,-,-,-,35,0
AS Raut,22,5,5,0,44,0,-,-,8.8,-,0,0,9,0
M Rawat,16,-,-,-,-,-,-,-,-,-,-,-,15,1
KW Richardson,7,7,27,0,206,9,2/18,22.88,7.62,18,0,0,3,0
Sachin Baby,4,-,-,-,-,-,-,-,-,-,-,-,2,0
D Salunkhe,6,5,8,0,78,1,1/21,78,9.75,48,0,0,2,0
SV Samson,53,-,-,-,-,-,-,-,-,-,-,-,32,2
OA Shah,15,-,-,-,-,-,-,-,-,-,-,-,5,0
PR Shah,2,-,-,-,-,-,-,-,-,-,-,-,0,1
DJM Short,7,2,3,0,19,1,1/10,19,6.33,18,0,0,2,0
R Shukla,3,3,8,0,79,3,2/28,26.33,9.87,16,0,0,2,0
A Singh,23,23,78.5,1,620,28,4/19,22.14,7.86,16.8,1,0,1,0
GC Smith,25,-,-,-,-,-,-,-,-,-,-,-,6,0
SPD Smith,24,-,-,-,-,-,-,-,-,-,-,-,16,0
IS Sodhi,6,6,23,0,135,5,1/14,27,5.86,27.6,0,0,0,0
Sohail Tanvir,11,11,41.1,0,266,22,6/14,12.09,6.46,11.2,1,1,4,0
TG Southee,10,10,38,1,323,6,2/32,53.83,8.5,38,0,0,6,0
BB Sran,1,1,3,0,35,0,-,-,11.66,-,0,0,0,0
S Sreesanth,7,7,21.4,2,163,5,2/20,32.6,7.52,26,0,0,0,0
BA Stokes,13,12,37,1,303,8,3/15,37.87,8.18,27.7,0,0,6,0
SW Tait,21,21,78.5,1,640,23,3/13,27.82,8.11,20.5,0,0,6,0
PV Tambe,26,26,94,0,710,23,4/20,30.86,7.55,24.5,1,0,3,0
LRPL Taylor,12,1,1,0,11,0,-,-,11,-,0,0,4,0
R Tewatia,4,4,12,0,90,3,1/17,30,7.5,24,0,0,0,0
J Theron,1,1,4,0,40,1,1/40,40,10,24,0,0,0,0
RA Tripathi,12,-,-,-,-,-,-,-,-,-,-,-,4,0
SK Trivedi,76,75,251,2,1904,65,4/25,29.29,7.58,23.1,1,0,14,0
JD Unadkat,15,15,50.2,0,486,11,3/46,44.18,9.65,27.4,0,0,6,0
A Uniyal,2,2,6,0,66,2,2/41,33,11,18,0,0,0,0
PC Valthaty,2,-,-,-,-,-,-,-,-,-,-,-,0,0
AC Voges,9,7,9,0,76,0,-,-,8.44,-,0,0,1,0
SB Wagh,1,1,1,0,16,1,1/16,16,16,6,0,0,0,0
SK Warne,55,54,199,1,1447,57,4/21,25.38,7.27,20.9,1,0,16,0
SR Watson,78,70,226.5,3,1701,61,3/10,27.88,7.49,22.3,0,0,21,0
DH Yagnik,25,-,-,-,-,-,-,-,-,-,-,-,12,5
Younis Khan,1,-,-,-,-,-,-,-,-,-,-,-,1,0
S Ladda,5,5,15,0,143,4,2/44,35.75,9.53,22.5,0,0,0,0
AR Bawne,1,-,-,-,-,-,-,-,-,-,-,-,0,0
VR Aaron,12,11,43,0,353,10,2/19,35.3,8.2,25.8,0,0,1,0
Abhishek Sharma,3,-,-,-,-,-,-,-,-,-,-,-,1,0
AB Agarkar,15,15,51.2,0,457,11,2/23,41.54,8.9,28,0,0,3,0
MA Agarwal,21,-,-,-,-,-,-,-,-,-,-,-,4,0
CJ Anderson,11,8,18.5,0,186,3,1/23,62,9.87,37.6,0,0,5,0
Avesh Khan,6,6,19,0,204,4,2/29,51,10.73,28.5,0,0,3,0
R Bhatia,22,21,59.4,0,461,19,4/15,24.26,7.72,18.8,1,0,6,0
SW Billings,11,-,-,-,-,-,-,-,-,-,-,-,7,0
TR Birt,5,-,-,-,-,-,-,-,-,-,-,-,0,0
J Botha,6,6,16.4,0,109,5,2/11,21.8,6.54,20,0,0,5,0
TA Boult,14,14,52.4,1,466,18,2/20,25.88,8.84,17.5,0,0,9,0
DAJ Bracewell,1,1,4,0,32,3,3/32,10.66,8,8,0,0,1,0
CR Brathwaite,10,10,29.1,0,256,8,3/47,32,8.77,21.8,0,0,3,0
UBT Chand,13,-,-,-,-,-,-,-,-,-,-,-,5,0
B Chipli,1,-,-,-,-,-,-,-,-,-,-,-,0,0
DT Christian,4,4,11.5,0,101,4,2/35,25.25,8.53,17.7,0,0,0,0
PD Collingwood,8,6,14.5,0,101,5,2/19,20.2,6.8,17.8,0,0,4,0
NM Coulter-Nile,17,16,61.3,1,462,20,4/20,23.1,7.51,18.4,1,0,5,0
PJ Cummins,12,12,46.1,0,373,15,2/20,24.86,8.07,18.4,0,0,1,0
CJ Dala,1,1,3,0,34,0,-,-,11.33,-,0,0,0,0
Q de Kock,23,-,-,-,-,-,-,-,-,-,-,-,4,2
AB de Villiers,28,-,-,-,-,-,-,-,-,-,-,-,22,0
S Dhawan,14,-,-,-,-,-,-,-,-,-,-,-,8,0
TM Dilshan,27,13,25.1,0,171,4,1/3,42.75,6.79,37.7,0,0,13,0
AB Dinda,6,5,17,0,152,5,2/42,30.4,8.94,20.4,0,0,0,0
JP Duminy,38,25,57,0,421,13,4/17,32.38,7.38,26.3,1,0,13,0
AJ Finch,8,1,2,0,13,0,-,-,6.5,-,0,0,4,0
G Gambhir,46,-,-,-,-,-,-,-,-,-,-,-,8,0
CM Gautam,4,-,-,-,-,-,-,-,-,-,-,-,0,1
B Geeves,2,2,8,0,91,1,1/50,91,11.37,48,0,0,3,0
Sunny Gupta,1,1,3,0,47,0,-,-,15.66,-,0,0,0,0
MC Henriques,1,1,4,0,35,1,1/35,35,8.75,24,0,0,1,0
JR Hopes,10,9,32,0,272,7,1/25,38.85,8.5,27.4,0,0,3,0
Imran Tahir,20,20,72.2,0,623,29,4/28,21.48,8.61,14.9,1,0,3,0
CA Ingram,3,-,-,-,-,-,-,-,-,-,-,-,0,0
SS Iyer,46,-,-,-,-,-,-,-,-,-,-,-,14,0
KM Jadhav,41,-,-,-,-,-,-,-,-,-,-,-,13,4
DPMD Jayawardene,31,-,-,-,-,-,-,-,-,-,-,-,10,0
MC Juneja,7,-,-,-,-,-,-,-,-,-,-,-,0,0
KD Karthik,56,-,-,-,-,-,-,-,-,-,-,-,31,15
S Kaul,11,11,34.5,2,296,6,2/27,49.33,8.49,34.8,0,0,1,0
Z Khan,30,30,108,2,806,27,3/20,29.85,7.46,24,0,0,4,0
S Lamichhane,3,3,12,0,82,5,3/36,16.4,6.83,14.4,0,0,0,0
AB McDonald,6,6,19,0,183,5,2/37,36.6,9.63,22.8,0,0,0,0
GD McGrath,14,14,54,2,357,12,4/29,29.75,6.61,27,1,0,2,0
MF Maharoof,20,20,70,0,520,27,3/34,19.25,7.42,15.5,0,0,4,0
VY Mahesh,13,13,47.1,0,418,18,4/36,23.22,8.86,15.7,1,0,5,0
M Manhas,20,-,-,-,-,-,-,-,-,-,-,-,8,0
AD Mathews,14,12,35,0,302,7,2/15,43.14,8.62,30,0,0,7,0
GJ Maxwell,14,12,19,0,154,6,2/22,25.66,8.1,19,0,0,4,0
BMAJ Mendis,3,2,5,0,36,1,1/16,36,7.2,30,0,0,2,0
A Mishra,81,81,277,3,2056,86,5/17,23.9,7.42,19.3,1,1,14,0
Mohammad Asif,8,8,32,0,296,8,2/19,37,9.25,24,0,0,1,0
Mohammed Shami,32,32,109,0,1000,20,2/34,50,9.17,32.7,0,0,3,0
JA Morkel,4,4,12,0,109,3,2/21,36.33,9.08,24,0,0,1,0
M Morkel,37,37,146,1,1113,45,4/20,24.73,7.62,19.4,1,0,2,0
CH Morris,25,25,89,0,691,28,4/26,24.67,7.76,19,1,0,15,0
C Munro,5,-,-,-,-,-,-,-,-,-,-,-,2,0
DJ Muthuswami,6,6,14,0,101,4,2/18,25.25,7.21,21,0,0,0,0
S Nadeem,61,59,200.5,2,1480,40,3/16,37,7.36,30.1,0,0,14,0
Y Nagar,26,8,11,0,125,4,2/20,31.25,11.36,16.5,0,0,6,0
KK Nair,28,-,-,-,-,-,-,-,-,-,-,-,5,0
DP Nannes,22,22,83.4,0,596,22,3/27,27.09,7.12,22.8,0,0,5,0
JDS Neesham,4,4,9,0,91,1,1/29,91,10.11,54,0,0,0,0
P Negi,17,12,35,0,264,8,4/18,33,7.54,26.2,1,0,4,0
A Nehra,27,27,101,1,758,36,3/26,21.05,7.5,16.8,0,0,6,0
NV Ojha,35,-,-,-,-,-,-,-,-,-,-,-,23,2
RR Pant,38,-,-,-,-,-,-,-,-,-,-,-,15,5
WD Parnell,8,8,30.1,0,223,6,2/21,37.16,7.39,30.1,0,0,2,0
HV Patel,5,5,17.3,0,167,7,3/28,23.85,9.54,15,0,0,0,0
IK Pathan,46,45,157.1,7,1191,29,3/28,41.06,7.57,32.5,0,0,16,0
KP Pietersen,19,3,6,0,53,0,-,-,8.83,-,0,0,5,0
LE Plunkett,7,7,25,0,225,4,3/17,56.25,9,37.5,0,0,2,0
K Rabada,6,6,21.2,0,188,6,2/20,31.33,8.81,21.3,0,0,0,0
BJ Rohrer,8,1,1,0,12,0,-,-,12,-,0,0,3,0
JJ Roy,5,-,-,-,-,-,-,-,-,-,-,-,4,0
AD Russell,7,7,23,0,229,1,1/51,229,9.95,138,0,0,1,0
AM Salvi,7,7,25,0,200,7,2/19,28.57,8,21.4,0,0,2,0
SV Samson,28,-,-,-,-,-,-,-,-,-,-,-,7,1
MN Samuels,5,2,3,0,34,0,-,-,11.33,-,0,0,1,0
GS Sandhu,3,2,8,0,82,1,1/33,82,10.25,48,0,0,0,0
PJ Sangwan,28,28,101.4,1,833,29,3/18,28.72,8.19,21,0,0,5,0
V Sehwag,79,15,22.4,0,235,6,2/18,39.16,10.36,22.6,0,0,29,0
V Shankar,13,4,5,0,58,1,1/22,58,11.6,30,0,0,6,0
R Sharma,2,2,6,0,65,1,1/33,65,10.83,36,0,0,0,0
PP Shaw,9,-,-,-,-,-,-,-,-,-,-,-,4,0
Shoaib Malik,7,5,8.3,0,85,2,1/6,42.5,10,25.5,0,0,5,0
LR Shukla,5,5,9.2,0,83,1,1/31,83,8.89,56,0,0,1,0
R Shukla,3,3,9,0,98,2,1/13,49,10.88,27,0,0,1,0
S Sriram,1,1,1,0,25,0,-,-,25,-,0,0,0,0
AP Tare,3,-,-,-,-,-,-,-,-,-,-,-,0,0
LRPL Taylor,16,-,-,-,-,-,-,-,-,-,-,-,5,0
R Tewatia,8,8,22,0,173,6,3/18,28.83,7.86,22,0,0,2,0
MK Tiwary,24,2,3,0,39,0,-,-,13,-,0,0,6,0
SS Tiwary,7,-,-,-,-,-,-,-,-,-,-,-,5,0
JD Unadkat,10,10,34.1,0,300,9,3/32,33.33,8.78,22.7,0,0,0,0
RE van der Merwe,10,10,35.5,1,223,10,3/20,22.3,6.22,21.5,0,0,3,0
Y Venugopal Rao,25,4,4,0,52,0,-,-,13,-,0,0,4,0
DL Vettori,12,12,42.5,0,332,11,3/15,30.18,7.75,23.3,0,0,4,0
M Vijay,11,1,1,0,13,0,-,-,13,-,0,0,8,0
MS Wade,3,-,-,-,-,-,-,-,-,-,-,-,0,0
DA Warner,55,-,-,-,-,-,-,-,-,-,-,-,22,0
J Yadav,10,10,30,0,196,4,1/8,49,6.53,45,0,0,2,0
UT Yadav,47,46,160.5,2,1314,43,4/24,30.55,8.16,22.4,1,0,11,0
Yuvraj Singh,14,6,9,0,72,1,1/14,72,8,54,0,0,2,0
S Ladda,3,3,6,0,60,1,1/18,60,10,36,0,0,1,0
AB Agarkar,27,27,79,0,694,18,3/25,38.55,8.78,26.3,0,0,2,0
Anureet Singh,3,2,5,0,47,2,2/35,23.5,9.4,15,0,0,0,0
Azhar Mahmood,1,1,3,0,41,0,-,-,13.66,-,0,0,0,0
L Balaji,35,35,124.3,2,920,33,4/18,27.87,7.38,22.6,1,0,6,0
SB Bangar,1,-,-,-,-,-,-,-,-,-,-,-,0,0
R Bhatia,46,43,129,0,931,32,3/22,29.09,7.21,24.1,0,0,10,0
MS Bisla,27,-,-,-,-,-,-,-,-,-,-,-,15,7
SE Bond,8,8,31,1,224,9,2/24,24.88,7.22,20.6,0,0,1,0
J Botha,4,4,10,0,81,1,1/32,81,8.1,60,0,0,4,0
MV Boucher,4,-,-,-,-,-,-,-,-,-,-,-,1,0
TA Boult,6,6,23.5,0,216,5,2/30,43.2,9.06,28.6,0,0,0,0
DM Bravo,1,-,-,-,-,-,-,-,-,-,-,-,0,0
KC Cariappa,1,1,2,0,28,1,1/28,28,14,12,0,0,0,0
PP Chawla,57,56,178.5,0,1436,56,4/32,25.64,8.02,19.1,1,0,13,0
A Chopra,7,-,-,-,-,-,-,-,-,-,-,-,2,0
NM Coulter-Nile,8,8,28.2,0,228,15,3/20,15.2,8.04,11.3,0,0,2,0
PJ Cummins,4,4,14,1,126,2,1/29,63,9,42,0,0,1,0
TK Curran,5,5,10.1,0,118,6,2/19,19.66,11.6,10.1,0,0,1,0
DB Das,31,-,-,-,-,-,-,-,-,-,-,-,7,0
C de Grandhomme,12,9,16,0,135,4,3/4,33.75,8.43,24,0,0,2,0
M de Lange,3,3,10,0,107,3,3/34,35.66,10.7,20,0,0,0,0
AB Dinda,29,27,86.1,0,605,22,3/33,27.5,7.02,23.5,0,0,2,0
P Dogra,1,-,-,-,-,-,-,-,-,-,-,-,1,0
G Gambhir,108,-,-,-,-,-,-,-,-,-,-,-,20,0
SC Ganguly,40,16,36,0,268,8,2/21,33.5,7.44,27,0,0,15,0
RS Gavaskar,2,1,1,0,8,0,-,-,8,-,0,0,0,0
CH Gayle,16,13,34.5,0,296,5,1/9,59.2,8.49,41.8,0,0,7,0
AN Ghosh,2,-,-,-,-,-,-,-,-,-,-,-,1,0
SP Goswami,5,-,-,-,-,-,-,-,-,-,-,-,4,1
BJ Haddin,1,-,-,-,-,-,-,-,-,-,-,-,0,0
Harpreet Singh,1,-,-,-,-,-,-,-,-,-,-,-,0,0
JW Hastings,2,2,6.4,1,37,2,2/6,18.5,5.55,20,0,0,0,0
MC Henriques,4,4,12.1,0,107,2,1/32,53.5,8.79,36.5,0,0,3,0
BJ Hodge,19,13,25,0,202,9,3/29,22.44,8.08,16.6,0,0,6,0
GB Hogg,11,11,37,1,286,13,4/29,22,7.72,17,1,0,3,0
JO Holder,4,4,13,0,103,2,2/33,51.5,7.92,39,0,0,0,0
DJ Hussey,23,13,27,0,244,2,1/23,122,9.03,81,0,0,10,0
Iqbal Abdulla,33,32,102.2,0,674,28,3/24,24.07,6.58,21.9,0,0,8,0
SP Jackson,4,-,-,-,-,-,-,-,-,-,-,-,2,0
IR Jaggi,2,-,-,-,-,-,-,-,-,-,-,-,0,0
MG Johnson,6,6,21,0,216,2,1/30,108,10.28,63,0,0,2,0
JH Kallis,56,48,153,1,1153,42,3/13,27.45,7.53,21.8,0,0,16,0
KD Karthik,16,-,-,-,-,-,-,-,-,-,-,-,14,4
M Kartik,26,25,87.4,0,581,16,3/17,36.31,6.62,32.8,0,0,10,0
Kuldeep Yadav,31,30,104.2,0,858,35,4/20,24.51,8.22,17.8,1,0,8,0
CK Langeveldt,4,4,15,0,103,8,3/15,12.87,6.86,11.2,0,0,0,0
B Lee,25,25,95.2,2,723,16,2/26,45.18,7.58,35.7,0,0,4,0
CA Lynn,27,-,-,-,-,-,-,-,-,-,-,-,8,0
BB McCullum,35,-,-,-,-,-,-,-,-,-,-,-,18,6
R McLaren,2,2,7,0,94,3,2/60,31.33,13.42,14,0,0,1,0
Mandeep Singh,3,-,-,-,-,-,-,-,-,-,-,-,0,0
Mashrafe Mortaza,1,1,4,0,58,0,-,-,14.5,-,0,0,0,0
AD Mathews,15,13,39.5,0,345,8,4/19,43.12,8.66,29.8,1,0,4,0
BAW Mendis,7,7,28,0,207,6,2/19,34.5,7.39,28,0,0,2,0
Mohammad Hafeez,8,4,10,0,68,2,1/8,34,6.8,30,0,0,1,0
Mohammed Shami,3,3,9,0,78,1,1/32,78,8.66,54,0,0,0,0
EJG Morgan,26,-,-,-,-,-,-,-,-,-,-,-,9,0
M Morkel,29,29,111.3,2,870,32,2/18,27.18,7.8,20.9,0,0,7,0
C Munro,4,2,2,0,15,0,-,-,7.5,-,0,0,2,0
SP Narine,98,97,381.5,2,2498,112,5/19,22.3,6.54,20.4,6,1,17,0
S Narwal,2,1,2,0,17,0,-,-,8.5,-,0,0,0,0
MK Pandey,55,-,-,-,-,-,-,-,-,-,-,-,23,0
MB Parmar,1,1,3,0,33,0,-,-,11,-,0,0,0,0
YK Pathan,106,45,91,1,674,21,3/20,32.09,7.4,26,0,0,25,0
RT Ponting,4,-,-,-,-,-,-,-,-,-,-,-,2,0
M Prasidh Krishna,7,7,28,0,260,10,4/30,26,9.28,16.8,1,0,1,0
CA Pujara,10,-,-,-,-,-,-,-,-,-,-,-,2,0
AS Rajpoot,9,9,25,0,205,7,3/37,29.28,8.2,21.4,0,0,1,0
N Rana,15,5,6.1,0,44,4,2/11,11,7.13,9.2,0,0,2,0
AD Russell,43,42,120,0,1022,43,4/20,23.76,8.51,16.7,1,0,16,0
WP Saha,33,-,-,-,-,-,-,-,-,-,-,-,13,5
Salman Butt,7,-,-,-,-,-,-,-,-,-,-,-,2,0
PJ Sangwan,3,3,8,0,93,1,1/42,93,11.62,48,0,0,0,0
SS Sarkar,2,2,4.1,0,34,1,1/15,34,8.16,25,0,0,0,0
R Sathish,4,3,6,0,59,1,1/20,59,9.83,36,0,0,0,0
JPR Scantlebury-Searles,4,3,7,0,89,2,1/24,44.5,12.71,21,0,0,4,0
SMSM Senanayake,8,8,32,1,209,9,2/26,23.22,6.53,21.3,0,0,2,0
OA Shah,5,-,-,-,-,-,-,-,-,-,-,-,0,0
SS Shaikh,2,-,-,-,-,-,-,-,-,-,-,-,2,0
Shakib Al Hasan,43,42,153.3,1,1101,43,3/17,25.6,7.17,21.4,0,0,8,0
I Sharma,31,31,110.1,1,862,25,2/15,34.48,7.82,26.4,0,0,4,0
Shivam Mavi,9,9,28,0,270,5,1/14,54,9.64,33.6,0,0,3,0
Shoaib Akhtar,3,3,7,0,54,5,4/11,10.8,7.71,8.4,1,0,0,0
Shubman Gill,13,-,-,-,-,-,-,-,-,-,-,-,3,0
LR Shukla,42,22,43,0,364,14,3/6,26,8.46,18.4,0,0,13,0
RK Singh,4,-,-,-,-,-,-,-,-,-,-,-,4,0
T Taibu,3,-,-,-,-,-,-,-,-,-,-,-,1,0
RN ten Doeschate,29,10,13,0,94,2,1/7,47,7.23,39,0,0,8,0
MK Tiwary,54,3,3,0,34,1,1/11,34,11.33,18,0,0,30,0
Umar Gul,6,6,22.3,1,184,12,4/23,15.33,8.17,11.2,1,0,0,0
JD Unadkat,12,11,34.2,0,316,10,3/26,31.6,9.2,20.6,0,0,3,0
RV Uthappa,74,-,-,-,-,-,-,-,-,-,-,-,32,22
MN van Wyk,5,-,-,-,-,-,-,-,-,-,-,-,7,0
R Vinay Kumar,11,11,35.5,0,346,9,2/26,38.44,9.65,23.8,0,0,3,0
CR Woakes,13,13,44,0,386,17,3/6,22.7,8.77,15.5,0,0,6,0
SA Yadav,54,1,1,0,8,0,-,-,8,-,0,0,25,0
UT Yadav,47,47,161.3,0,1393,48,4/33,29.02,8.62,20.1,1,0,12,0
Yashpal Singh,8,-,-,-,-,-,-,-,-,-,-,-,3,0
KK Ahmed,1,1,3,0,38,0,-,-,12.66,-,0,0,0,0
Anand Rajan,2,2,8,0,42,2,1/20,21,5.25,24,0,0,1,0
S Anirudha,1,-,-,-,-,-,-,-,-,-,-,-,0,0
Ankit Sharma,1,1,2,0,17,0,-,-,8.5,-,0,0,1,0
A Ashish Reddy,22,11,16.3,0,159,7,1/7,22.71,9.63,14.1,0,0,9,0
Basil Thampi,4,4,10.1,0,114,5,2/4,22.8,11.21,12.2,0,0,2,0
RK Bhui,1,-,-,-,-,-,-,-,-,-,-,-,0,0
Bipul Sharma,18,16,37.2,0,300,9,2/13,33.33,8.03,24.8,0,0,3,0
RS Bopara,9,7,20,0,160,6,2/18,26.66,8,20,0,0,2,0
TA Boult,8,8,32,0,275,10,3/19,27.5,8.59,19.2,0,0,3,0
CR Brathwaite,4,4,10.1,0,94,5,2/15,18.8,9.24,12.2,0,0,2,0
BCJ Cutting,8,8,23.5,0,203,6,2/20,33.83,8.51,23.8,0,0,2,0
Q de Kock,3,-,-,-,-,-,-,-,-,-,-,-,3,1
S Dhawan,85,-,-,-,-,-,-,-,-,-,-,-,38,0
AJ Finch,13,-,-,-,-,-,-,-,-,-,-,-,6,0
SP Goswami,6,-,-,-,-,-,-,-,-,-,-,-,5,0
AD Hales,6,-,-,-,-,-,-,-,-,-,-,-,2,0
MC Henriques,42,42,111,0,917,28,3/16,32.75,8.26,23.7,0,0,18,0
JO Holder,1,1,3,0,35,1,1/35,35,11.66,18,0,0,2,0
DJ Hooda,36,11,20,0,163,5,2/16,32.6,8.15,24,0,0,11,0
CJ Jordan,2,2,5,0,40,1,1/9,40,8,30,0,0,0,0
S Kaul,27,27,101.4,0,847,37,4/29,22.89,8.33,16.4,1,0,5,0
B Kumar,71,71,269.2,5,1974,96,5/19,20.56,7.32,16.8,2,1,19,0
P Kumar,12,12,36,0,329,7,2/35,47,9.13,30.8,0,0,3,0
A Mishra,27,27,99.3,1,734,28,4/19,26.21,7.37,21.3,1,0,2,0
Mohammad Nabi,5,5,16,0,105,3,1/13,35,6.56,32,0,0,0,0
Mohammed Siraj,6,6,23,0,212,10,4/32,21.2,9.21,13.8,1,0,1,0
EJG Morgan,16,-,-,-,-,-,-,-,-,-,-,-,8,0
Mustafizur Rahman,17,17,63.4,1,455,17,3/16,26.76,7.14,22.4,0,0,2,0
A Nehra,14,14,47.1,1,396,17,3/15,23.29,8.39,16.6,0,0,2,0
NV Ojha,56,-,-,-,-,-,-,-,-,-,-,-,36,2
MK Pandey,15,-,-,-,-,-,-,-,-,-,-,-,9,0
Parvez Rasool,5,5,14,0,114,2,1/20,57,8.14,42,0,0,1,0
PA Patel,13,-,-,-,-,-,-,-,-,-,-,-,5,3
IK Pathan,10,10,23.4,0,205,4,2/10,51.25,8.66,35.5,0,0,2,0
YK Pathan,15,1,2,0,14,1,1/14,14,7,12,0,0,3,0
NLTC Perera,16,16,59.4,0,478,19,3/20,25.15,8.01,18.8,0,0,5,0
KL Rahul,20,-,-,-,-,-,-,-,-,-,-,-,5,0
Rashid Khan,31,31,122,2,816,38,3/19,21.47,6.68,19.2,0,0,11,0
DB Ravi Teja,2,-,-,-,-,-,-,-,-,-,-,-,0,0
PA Reddy,7,-,-,-,-,-,-,-,-,-,-,-,2,0
WP Saha,11,-,-,-,-,-,-,-,-,-,-,-,5,1
BB Samantray,8,-,-,-,-,-,-,-,-,-,-,-,3,0
DJG Sammy,20,17,36.2,0,325,11,4/22,29.54,8.94,19.8,1,0,8,0
Sandeep Sharma,12,12,44,0,333,12,2/17,27.75,7.56,22,0,0,2,0
KC Sangakkara,9,-,-,-,-,-,-,-,-,-,-,-,3,0
V Shankar,4,-,-,-,-,-,-,-,-,-,-,-,1,0
Shakib Al Hasan,17,17,57,0,456,14,2/18,32.57,8,24.4,0,0,3,0
I Sharma,23,23,84.4,2,726,19,3/27,38.21,8.57,26.7,0,0,6,0
KV Sharma,46,46,141.4,1,1109,36,4/38,30.8,7.82,23.6,1,0,8,0
BB Sran,15,15,51.3,0,442,14,3/28,31.57,8.58,22,0,0,2,0
B Stanlake,4,4,16,0,130,5,2/21,26,8.12,19.2,0,0,0,0
DW Steyn,37,37,142.5,3,985,33,3/11,29.84,6.89,25.9,0,0,12,0
AP Tare,3,-,-,-,-,-,-,-,-,-,-,-,1,0
X Thalaivan Sargunam,1,-,-,-,-,-,-,-,-,-,-,-,0,0
Y Venugopal Rao,7,2,2,0,16,0,-,-,8,-,0,0,2,0
GH Vihari,22,5,6,0,38,1,1/5,38,6.33,36,0,0,6,0
DA Warner,59,-,-,-,-,-,-,-,-,-,-,-,30,0
CL White,13,2,2,0,16,1,1/14,16,8,12,0,0,10,0
KS Williamson,32,1,1,0,7,0,-,-,7,-,0,0,14,0
Yuvraj Singh,22,7,8.1,0,74,1,1/6,74,9.06,49,0,0,4,0
MA Agarwal,3,-,-,-,-,-,-,-,-,-,-,-,1,0
Ankit Sharma,4,4,12,0,100,1,1/27,100,8.33,72,0,0,1,0
M Ashwin,10,10,28.3,0,241,7,3/36,34.42,8.45,24.4,0,0,0,0
R Ashwin,14,14,44,0,319,10,4/34,31.9,7.25,26.4,1,0,3,0
GJ Bailey,6,-,-,-,-,-,-,-,-,-,-,-,2,0
R Bhatia,13,13,41,1,299,8,2/14,37.37,7.29,30.7,0,0,4,0
SM Boland,2,2,7,0,54,2,2/31,27,7.71,21,0,0,0,0
DL Chahar,5,5,12,0,115,1,1/35,115,9.58,72,0,0,1,0
RD Chahar,3,2,7,0,58,2,1/26,29,8.28,21,0,0,1,0
DT Christian,13,13,40,0,298,11,2/10,27.09,7.45,21.8,0,0,6,0
MS Dhoni,30,-,-,-,-,-,-,-,-,-,-,-,18,7
AB Dinda,12,12,40.3,2,350,12,3/20,29.16,8.64,20.2,0,0,0,0
F du Plessis,8,-,-,-,-,-,-,-,-,-,-,-,4,0
LH Ferguson,4,4,13,1,93,3,2/7,31,7.15,26,0,0,0,0
PSP Handscomb,2,-,-,-,-,-,-,-,-,-,-,-,0,0
Imran Tahir,12,12,47,0,369,18,3/18,20.5,7.85,15.6,0,0,2,0
UT Khawaja,6,-,-,-,-,-,-,-,-,-,-,-,1,0
MR Marsh,3,3,9,0,45,4,2/14,11.25,5,13.5,0,0,0,0
JA Morkel,2,2,5,0,66,2,2/36,33,13.2,15,0,0,1,0
IK Pathan,4,3,8,0,61,0,-,-,7.62,-,0,0,1,0
NLTC Perera,12,11,33.1,0,326,9,3/34,36.22,9.82,22.1,0,0,5,0
KP Pietersen,4,-,-,-,-,-,-,-,-,-,-,-,1,0
AM Rahane,30,-,-,-,-,-,-,-,-,-,-,-,13,0
I Sharma,4,4,15,0,148,3,2/36,49.33,9.86,30,0,0,2,0
RP Singh,4,4,12,0,111,3,1/23,37,9.25,24,0,0,0,0
SPD Smith,23,-,-,-,-,-,-,-,-,-,-,-,9,0
BA Stokes,12,12,44,1,316,12,3/18,26.33,7.18,22,0,0,5,0
SN Thakur,12,12,38.1,0,315,11,3/19,28.63,8.25,20.8,0,0,4,0
MK Tiwary,15,-,-,-,-,-,-,-,-,-,-,-,6,0
SS Tiwary,10,-,-,-,-,-,-,-,-,-,-,-,4,0
RA Tripathi,14,1,1,0,12,0,-,-,12,-,0,0,5,0
JD Unadkat,12,12,45.5,3,322,24,5/30,13.41,7.02,11.4,0,1,9,0
Washington Sundar,11,10,30,0,185,8,3/16,23.12,6.16,22.5,0,0,5,0
A Zampa,11,11,36.5,0,278,19,6/19,14.63,7.54,11.6,0,1,0,0
VR Aaron,24,23,77.4,1,703,21,3/16,33.47,9.05,22.1,0,0,1,0
SA Abbott,2,2,5,0,57,0,-,-,11.4,-,0,0,0,0
Abdur Razzak,1,1,2,0,29,0,-,-,14.5,-,0,0,0,0
MA Agarwal,29,-,-,-,-,-,-,-,-,-,-,-,15,0
AN Ahmed,7,7,26.2,0,241,4,1/18,60.25,9.15,39.5,0,0,0,0
B Akhil,14,12,29.2,0,220,6,2/17,36.66,7.5,29.3,0,0,3,0
MM Ali,5,5,13.1,0,97,3,1/13,32.33,7.36,26.3,0,0,2,0
CJ Anderson,3,3,8.4,0,115,3,2/47,38.33,13.26,17.3,0,0,0,0
KP Appanna,14,13,36,0,286,9,4/19,31.77,7.94,24,1,0,1,0
S Aravind,38,38,126.4,0,1039,45,4/14,23.08,8.2,16.8,2,0,8,0
KB Arun Karthik,16,-,-,-,-,-,-,-,-,-,-,-,11,2
J Arunkumar,3,-,-,-,-,-,-,-,-,-,-,-,0,0
M Ashwin,2,2,7,0,53,3,2/36,17.66,7.57,14,0,0,0,0
Avesh Khan,1,1,4,0,23,1,1/23,23,5.75,24,0,0,0,0
S Badree,7,7,25,1,188,9,4/9,20.88,7.52,16.6,1,0,2,0
RR Bhatkal,1,1,2,0,35,0,-,-,17.5,-,0,0,1,0
STR Binny,22,15,23,0,184,5,1/9,36.8,8,27.6,0,0,4,0
R Bishnoi,3,-,-,-,-,-,-,-,-,-,-,-,1,0
MS Bisla,2,-,-,-,-,-,-,-,-,-,-,-,1,0
MV Boucher,27,-,-,-,-,-,-,-,-,-,-,-,13,3
YS Chahal,69,68,244.3,2,1898,82,4/25,23.14,7.76,17.8,1,0,16,0
S Chanderpaul,3,-,-,-,-,-,-,-,-,-,-,-,0,0
B Chipli,3,-,-,-,-,-,-,-,-,-,-,-,1,0
A Choudhary,5,5,16.5,2,144,5,2/17,28.8,8.55,20.2,0,0,0,0
DT Christian,2,2,6,0,55,0,-,-,9.16,-,0,0,0,0
C de Grandhomme,9,7,15,0,129,2,1/8,64.5,8.6,45,0,0,3,0
Q de Kock,8,-,-,-,-,-,-,-,-,-,-,-,7,3
AB de Villiers,113,-,-,-,-,-,-,-,-,-,-,-,65,7
TM Dilshan,25,12,20,0,195,1,1/30,195,9.75,120,0,0,7,0
AB Dinda,11,11,36,0,332,5,1/14,66.4,9.22,43.2,0,0,1,0
ND Doshi,1,1,4,0,17,1,1/17,17,4.25,24,0,0,0,0
R Dravid,43,-,-,-,-,-,-,-,-,-,-,-,8,0
D du Preez,2,2,7,1,56,4,3/32,14,8,10.5,0,0,0,0
CH Gayle,85,24,56.4,0,428,13,3/21,32.92,7.55,26.1,0,0,16,0
SP Goswami,7,-,-,-,-,-,-,-,-,-,-,-,3,2
TM Head,10,5,8,0,81,2,2/30,40.5,10.12,24,0,0,3,0
MC Henriques,10,8,21.1,0,185,7,2/14,26.42,8.74,18.1,0,0,5,0
Iqbal Abdulla,15,15,49,1,418,12,3/40,34.83,8.53,24.5,0,0,5,0
KM Jadhav,17,-,-,-,-,-,-,-,-,-,-,-,8,3
W Jaffer,8,-,-,-,-,-,-,-,-,-,-,-,4,0
SB Jakati,1,1,3.4,0,41,0,-,-,11.18,-,0,0,0,0
CJ Jordan,9,9,28,0,258,11,4/11,23.45,9.21,15.2,1,0,4,0
SB Joshi,4,4,9.1,0,82,1,1/27,82,8.94,55,0,0,0,0
M Kaif,9,-,-,-,-,-,-,-,-,-,-,-,5,0
JH Kallis,42,41,137.2,2,1140,23,2/3,49.56,8.3,35.8,0,0,15,0
KD Karthik,16,-,-,-,-,-,-,-,-,-,-,-,14,4
M Kartik,11,11,39,0,284,9,2/24,31.55,7.28,26,0,0,4,0
AA Kazi,1,1,2,0,21,0,-,-,10.5,-,0,0,0,0
SN Khan,25,-,-,-,-,-,-,-,-,-,-,-,2,0
Z Khan,44,43,167,2,1312,49,4/17,26.77,7.85,20.4,1,0,11,0
K Khejroliya,3,3,10.5,0,107,2,2/33,53.5,9.87,32.5,0,0,0,0
V Kohli,163,26,41.5,0,368,4,2/25,92,8.79,62.7,0,0,68,0
P Kumar,38,38,139.2,2,1140,34,3/18,33.52,8.18,24.5,0,0,5,0
A Kumble,42,42,160.5,1,1058,45,5/5,23.51,6.57,21.4,2,1,10,0
CK Langeveldt,3,3,11,0,84,5,2/10,16.8,7.63,13.2,0,0,0,0
BB McCullum,6,-,-,-,-,-,-,-,-,-,-,-,1,0
AB McDonald,5,4,12,0,78,6,2/25,13,6.5,12,0,0,0,0
NJ Maddinson,3,-,-,-,-,-,-,-,-,-,-,-,1,0
Mandeep Singh,40,-,-,-,-,-,-,-,-,-,-,-,18,0
TS Mills,5,5,17.5,0,153,5,2/31,30.6,8.57,21.4,0,0,1,0
AF Milne,5,5,18,0,177,4,2/27,44.25,9.83,27,0,0,5,0
Misbah-ul-Haq,8,-,-,-,-,-,-,-,-,-,-,-,1,0
A Mithun,16,16,48,0,472,7,2/37,67.42,9.83,41.1,0,0,7,0
Mohammed Siraj,11,11,41,0,367,11,3/25,33.36,8.95,22.3,0,0,5,0
EJG Morgan,6,-,-,-,-,-,-,-,-,-,-,-,4,0
JA Morkel,7,6,16,0,126,4,1/18,31.5,7.87,24,0,0,2,0
A Mukund,1,-,-,-,-,-,-,-,-,-,-,-,0,0
M Muralitharan,21,21,79,0,561,21,3/21,26.71,7.1,22.5,0,0,3,0
KK Nair,2,-,-,-,-,-,-,-,-,-,-,-,0,0
DP Nannes,2,2,4,1,31,2,1/0,15.5,7.75,12,0,0,1,0
P Negi,14,14,36.1,0,246,17,3/10,14.47,6.8,12.7,0,0,3,0
R Ninan,2,2,6,0,65,3,2/31,21.66,10.83,12,0,0,1,0
AA Noffke,1,1,4,0,40,1,1/40,40,10,24,0,0,0,0
MK Pandey,18,-,-,-,-,-,-,-,-,-,-,-,10,0
Pankaj Singh,5,5,15,1,146,4,2/27,36.5,9.73,22.5,0,0,1,0
P Parameswaran,3,3,10,0,87,5,3/30,17.4,8.7,12,0,0,1,0
Parvez Rasool,4,4,14,0,129,1,1/31,129,9.21,84,0,0,2,0
HV Patel,36,34,113.5,0,971,34,3/43,28.55,8.53,20,0,0,11,0
PA Patel,18,-,-,-,-,-,-,-,-,-,-,-,14,1
AUK Pathan,8,3,6.3,0,63,0,-,-,9.69,-,0,0,2,0
DT Patil,2,-,-,-,-,-,-,-,-,-,-,-,2,0
KP Pietersen,13,10,23,0,162,7,2/31,23.14,7.04,19.7,0,0,6,0
LA Pomersbach,5,-,-,-,-,-,-,-,-,-,-,-,5,0
CA Pujara,14,-,-,-,-,-,-,-,-,-,-,-,4,0
KL Rahul,19,-,-,-,-,-,-,-,-,-,-,-,7,4
R Rampaul,12,12,43.4,4,298,14,3/31,21.28,6.82,18.7,0,0,4,0
S Rana,9,2,2,0,16,0,-,-,8,-,0,0,3,0
KW Richardson,4,4,14,0,136,7,3/13,19.42,9.71,12,0,0,2,0
RR Rossouw,5,-,-,-,-,-,-,-,-,-,-,-,2,0
JD Ryder,5,5,17,0,115,3,2/14,38.33,6.76,34,0,0,2,0
Sachin Baby,14,2,1.4,0,8,2,2/4,4,4.8,5,0,0,3,0
DJG Sammy,2,2,3,0,25,0,-,-,8.33,-,0,0,1,0
T Shamsi,4,4,16,0,147,3,1/21,49,9.18,32,0,0,1,0
KV Sharma,1,-,-,-,-,-,-,-,-,-,-,-,0,0
RP Singh,11,11,39.5,0,335,13,3/13,25.76,8.41,18.3,0,0,4,0
TG Southee,8,8,29,0,261,5,3/30,52.2,9,34.8,0,0,3,0
S Sriram,1,1,2,0,24,0,-,-,12,-,0,0,0,0
B Stanlake,2,2,8,0,70,2,2/29,35,8.75,24,0,0,1,0
MA Starc,27,26,96.4,1,693,34,4/15,20.38,7.16,17,1,0,16,0
DW Steyn,28,28,106,1,720,27,3/18,26.66,6.79,23.5,0,0,7,0
J Syed Mohammad,11,11,32,0,283,8,2/15,35.37,8.84,24,0,0,1,0
YV Takawale,5,-,-,-,-,-,-,-,-,-,-,-,2,1
LRPL Taylor,22,1,1,0,13,0,-,-,13,-,0,0,7,0
SS Tiwary,40,-,-,-,-,-,-,-,-,-,-,-,10,0
JD Unadkat,13,13,49,0,370,13,5/25,28.46,7.55,22.6,0,1,1,0
RV Uthappa,31,-,-,-,-,-,-,-,-,-,-,-,14,4
RE van der Merwe,11,11,38,0,275,11,2/22,25,7.23,20.7,0,0,5,0
JJ van der Wath,3,3,12,0,129,3,2/49,43,10.75,24,0,0,0,0
DL Vettori,22,22,86.4,0,547,17,3/19,32.17,6.31,30.5,0,0,7,0
R Vinay Kumar,64,63,217.3,0,1822,72,4/40,25.3,8.37,18.1,1,0,22,0
Vishnu Vinod,3,-,-,-,-,-,-,-,-,-,-,-,0,2
M Vohra,4,-,-,-,-,-,-,-,-,-,-,-,0,0
Washington Sundar,7,7,20,0,192,4,2/22,48,9.6,30,0,0,0,0
SR Watson,24,24,83.2,0,730,25,4/29,29.2,8.76,20,1,0,8,0
CL White,15,2,2,0,43,0,-,-,21.5,-,0,0,7,0
D Wiese,15,14,46.2,0,402,16,4/33,25.12,8.67,17.3,1,0,6,0
CR Woakes,5,5,18.2,0,190,8,3/36,23.75,10.36,13.7,0,0,1,0
UT Yadav,14,14,53.1,1,418,20,3/23,20.9,7.86,15.9,0,0,2,0
Yuvraj Singh,14,10,22.4,0,187,5,4/35,37.4,8.25,27.2,1,0,4,0
VH Zol,3,-,-,-,-,-,-,-,-,-,-,-,0,0
Anand Rajan,6,6,16.5,0,159,6,3/27,26.5,9.44,16.8,0,0,2,0
Anirudh Singh,5,-,-,-,-,-,-,-,-,-,-,-,3,0
Ankit Sharma,9,9,24.1,0,165,4,1/9,41.25,6.82,36.2,0,0,0,0
A Ashish Reddy,9,9,27.1,0,237,11,3/25,21.54,8.72,14.8,0,0,0,0
SB Bangar,11,9,25,0,219,4,2/34,54.75,8.76,37.5,0,0,2,0
AA Bilakhia,7,-,-,-,-,-,-,-,-,-,-,-,1,0
B Chipli,19,1,1,0,20,0,-,-,20,-,0,0,2,0
DT Christian,21,21,72.4,0,583,19,2/13,30.68,8.02,22.9,0,0,13,0
H Das,1,-,-,-,-,-,-,-,-,-,-,-,0,0
KH Devdhar,1,-,-,-,-,-,-,-,-,-,-,-,0,1
S Dhawan,29,6,8,0,66,4,1/7,16.5,8.25,12,0,0,11,0
JP Duminy,19,14,30,0,247,5,1/3,49.4,8.23,36,0,0,8,0
FH Edwards,6,6,23.2,1,154,5,2/27,30.8,6.6,28,0,0,0,0
HH Gibbs,33,-,-,-,-,-,-,-,-,-,-,-,22,0
AC Gilchrist,46,-,-,-,-,-,-,-,-,-,-,-,25,13
MS Gony,9,9,33,0,292,7,3/31,41.71,8.84,28.2,0,0,1,0
Harmeet Singh,17,17,53.5,0,419,14,2/23,29.92,7.78,23,0,0,3,0
DJ Harris,4,2,3,0,26,0,-,-,8.66,-,0,0,2,0
RJ Harris,16,16,61.4,2,463,20,3/18,23.15,7.5,18.5,0,0,10,0
IR Jaggi,5,-,-,-,-,-,-,-,-,-,-,-,2,0
Jaskaran Singh,8,7,17,0,171,6,2/18,28.5,10.05,17,0,0,0,0
AA Jhunjhunwala,5,3,6,0,38,1,1/13,38,6.33,36,0,0,2,0
D Kalyankrishna,3,3,8,0,87,2,1/30,43.5,10.87,24,0,0,1,0
VVS Laxman,17,-,-,-,-,-,-,-,-,-,-,-,4,0
MJ Lumb,1,-,-,-,-,-,-,-,-,-,-,-,1,0
CA Lynn,1,-,-,-,-,-,-,-,-,-,-,-,1,0
I Malhotra,1,1,1,0,23,0,-,-,23,-,0,0,0,0
MR Marsh,3,3,10,0,88,2,1/19,44,8.8,30,0,0,0,0
A Mishra,28,28,100.2,2,735,32,4/9,22.96,7.32,18.8,1,0,3,0
MD Mishra,11,-,-,-,-,-,-,-,-,-,-,-,1,0
T Mishra,1,-,-,-,-,-,-,-,-,-,-,-,1,0
PP Ojha,54,53,186.1,0,1328,60,3/21,22.13,7.13,18.6,0,0,11,0
PA Patel,14,-,-,-,-,-,-,-,-,-,-,-,5,1
V Pratap Singh,9,9,34,0,296,10,2/31,29.6,8.7,20.4,0,0,0,0
DB Ravi Teja,30,2,3,0,28,1,1/19,28,9.33,18,0,0,11,0
PA Reddy,5,-,-,-,-,-,-,-,-,-,-,-,0,0
KAJ Roach,2,2,8,0,80,0,-,-,10,-,0,0,1,0
BB Samantray,1,-,-,-,-,-,-,-,-,-,-,-,0,0
KC Sangakkara,25,-,-,-,-,-,-,-,-,-,-,-,26,2
PM Sarvesh Kumar,2,2,5,0,42,1,1/18,42,8.4,30,0,0,0,0
Shahid Afridi,10,10,30,0,225,9,3/28,25,7.5,20,0,0,4,0
I Sharma,12,12,44,0,314,11,5/12,28.54,7.13,24,0,1,3,0
R Sharma,6,6,20.4,0,167,5,2/42,33.4,8.08,24.8,0,0,1,0
RG Sharma,45,22,46,0,339,14,4/6,24.21,7.36,19.7,1,0,22,0
Shoaib Ahmed,8,7,17,0,152,5,2/20,30.4,8.94,20.4,0,0,4,0
LPC Silva,3,1,1,0,21,0,-,-,21,-,0,0,3,0
RP Singh,42,42,153,2,1229,51,4/22,24.09,8.03,18,1,0,16,0
DR Smith,11,10,17.5,0,160,2,1/22,80,8.97,53.5,0,0,6,0
S Sohal,11,-,-,-,-,-,-,-,-,-,-,-,0,0
DW Steyn,24,24,92.1,3,584,32,3/8,18.25,6.33,17.2,0,0,5,0
SB Styris,10,10,35,0,263,8,3/32,32.87,7.51,26.2,0,0,1,0
TP Sudhindra,3,3,11.4,0,136,1,1/46,136,11.65,70,0,0,0,0
TL Suman,26,7,17,0,132,5,2/14,26.4,7.76,20.4,0,0,5,0
B Sumanth,5,-,-,-,-,-,-,-,-,-,-,-,4,0
A Symonds,28,27,83.5,0,633,19,3/21,33.31,7.55,26.4,0,0,16,0
J Theron,2,2,8,0,66,2,2/37,33,8.25,24,0,0,0,0
WPUJC Vaas,13,13,47,2,355,18,3/21,19.72,7.55,15.6,0,0,0,0
Y Venugopal Rao,33,14,30,0,269,6,2/23,44.83,8.96,30,0,0,7,0
DP Vijaykumar,9,9,25.2,0,199,4,1/17,49.75,7.85,38,0,0,0,0
CL White,19,2,3,0,27,0,-,-,9,-,0,0,5,0
AS Yadav,8,-,-,-,-,-,-,-,-,-,-,-,1,0
DNT Zoysa,3,3,11,0,99,2,1/30,49.5,9,33,0,0,1,0
