player_name,matches_played,innings_batted,not_outs,runs_scored,highest_inns_score,batting_average,balls_faced,batting_strike_rate,hundreds_scored,fifties_scored,duckes_scored,boundary_fours,boundary_sixes
P Amarnath,6,-,-,-,-,-,-,-,-,-,-,-,-
S Anirudha,19,12,5,133,64,19,108,123.14,0,1,2,9,7
KB Arun Karthik,1,1,1,3,3*,-,5,60,0,0,0,0,0
R Ashwin,97,31,11,190,23,9.5,202,94.05,0,0,3,19,1
KM Asif,2,-,-,-,-,-,-,-,-,-,-,-,-
S Badree,4,-,-,-,-,-,-,-,-,-,-,-,-
S Badrinath,95,67,20,1441,71*,30.65,1212,118.89,0,11,6,154,28
GJ Bailey,4,3,0,63,30,21,66,95.45,0,0,0,9,0
L Balaji,29,8,2,22,15,3.66,34,64.7,0,0,3,1,1
SW Billings,10,8,0,108,56,13.5,78,138.46,0,1,1,8,5
DE Bollinger,27,4,3,21,16*,21,23,91.3,0,0,0,1,1
DJ Bravo,77,55,25,847,68,28.23,618,137.05,0,2,2,62,40
DL Chahar,12,4,1,50,39,16.66,29,172.41,0,0,1,1,4
MS Dhoni,145,131,49,3442,79*,41.97,2446,140.71,0,18,3,242,156
F du Plessis,51,45,4,1243,73,30.31,972,127.88,0,7,2,109,35
SP Fleming,10,10,1,196,45,21.77,165,118.78,0,0,1,27,3
A Flintoff,3,3,1,62,24,31,53,116.98,0,0,0,5,2
C Ganapathy,1,1,1,0,0*,-,0,-,0,0,0,0,0
MS Gony,26,9,5,50,15*,12.5,36,138.88,0,0,0,2,5
Harbhajan Singh,13,3,0,29,19,9.66,36,80.55,0,0,0,3,1
JW Hastings,1,-,-,-,-,-,-,-,-,-,-,-,-
ML Hayden,32,32,2,1107,93,36.9,805,137.51,0,8,1,121,44
BW Hilfenhaus,17,1,1,0,0*,-,0,-,0,0,0,0,0
JO Holder,6,-,-,-,-,-,-,-,-,-,-,-,-
DJ Hussey,5,4,2,116,50*,58,94,123.4,0,1,0,8,6
MEK Hussey,50,49,7,1768,116*,42.09,1430,123.63,1,13,1,181,45
Imran Tahir,6,1,1,2,2*,-,2,100,0,0,0,0,0
RA Jadeja,86,60,23,759,48,20.51,596,127.34,0,0,3,49,27
KM Jadhav,1,1,1,24,24*,-,22,109.09,0,0,0,1,2
SB Jakati,50,7,6,27,13,27,27,100,0,0,0,3,0
Joginder Sharma,16,6,2,36,16*,9,30,120,0,0,2,1,2
S Randiv,8,1,0,2,2,2,4,50,0,0,0,0,0
CK Kapugedera,5,3,0,16,8,5.33,23,69.56,0,0,1,0,0
JM Kemp,5,2,0,26,22,13,24,108.33,0,0,0,1,1
KMDN Kulasekara,6,1,1,5,5*,-,3,166.66,0,0,0,1,0
B Laughlin,2,2,1,4,4*,4,9,44.44,0,0,1,0,0
BB McCullum,28,28,2,841,100*,32.34,613,137.19,1,5,0,83,42
VY Mahesh,5,-,-,-,-,-,-,-,-,-,-,-,-
M Manhas,12,5,3,35,13*,17.5,23,152.17,0,0,0,3,1
RG More,2,1,1,2,2*,-,2,100,0,0,0,0,0
JA Morkel,78,59,24,827,71,23.62,571,144.83,0,2,3,51,48
CH Morris,16,6,4,14,7*,7,16,87.5,0,0,1,0,0
A Mukund,2,1,0,0,0,0,1,0,0,0,1,0,0
M Muralitharan,40,6,2,9,4,2.25,13,69.23,0,0,1,1,0
DP Nannes,5,1,1,0,0*,-,0,-,0,0,0,0,0
P Negi,12,9,1,116,36,14.5,73,158.9,0,0,0,10,5
A Nehra,20,4,3,1,1*,1,7,14.28,0,0,1,0,0
L Ngidi,7,-,-,-,-,-,-,-,-,-,-,-,-
M Ntini,9,2,1,11,11,11,18,61.11,0,0,0,2,0
JDP Oram,15,11,4,106,41*,15.14,105,100.95,0,0,0,6,5
IC Pandey,23,-,-,-,-,-,-,-,-,-,-,-,-
PA Patel,26,26,2,516,57,21.5,502,102.78,0,3,4,67,7
NLTC Perera,1,-,-,-,-,-,-,-,-,-,-,-,-
SK Raina,147,143,23,4144,100*,34.53,2982,138.96,1,29,7,367,162
AS Rajpoot,2,1,1,2,2*,-,6,33.33,0,0,0,0,0
AT Rayudu,16,16,2,602,100*,43,402,149.75,1,3,1,53,34
WP Saha,14,7,2,144,46*,28.8,133,108.27,0,0,0,8,8
V Shankar,1,-,-,-,-,-,-,-,-,-,-,-,-
KV Sharma,6,1,1,0,0*,-,0,-,0,0,0,0,0
MM Sharma,47,9,5,29,21*,7.25,26,111.53,0,0,3,1,2
DR Shorey,1,1,0,8,8,8,9,88.88,0,0,0,0,1
DR Smith,32,32,0,965,79,30.15,751,128.49,0,7,3,102,50
TG Southee,5,-,-,-,-,-,-,-,-,-,-,-,-
SB Styris,2,1,1,5,5*,-,2,250,0,0,0,1,0
SN Thakur,13,1,1,15,15*,-,5,300,0,0,0,3,0
T Thushara,6,4,2,12,8,6,18,66.66,0,0,0,0,0
S Tyagi,14,3,2,3,3*,3,4,75,0,0,1,0,0
S Vidyut,9,8,0,145,54,18.12,109,133.02,0,1,1,21,3
M Vijay,65,65,4,1612,127,26.42,1261,127.83,2,7,3,140,67
SR Watson,15,15,1,555,117*,39.64,359,154.59,2,2,1,44,35
DJ Willey,3,-,-,-,-,-,-,-,-,-,-,-,-
MA Wood,1,1,0,1,1,1,3,33.33,0,0,0,0,0
AN Ahmed,10,2,2,22,18*,-,20,110,0,0,0,1,1
CJ Anderson,16,15,3,379,95*,31.58,278,136.33,0,3,0,32,21
STR Binny,1,1,0,8,8,8,5,160,0,0,0,1,0
AC Blizzard,7,7,0,120,51,17.14,90,133.33,0,1,1,21,2
DJ Bravo,30,25,4,457,70*,21.76,390,117.17,0,3,0,38,17
JJ Bumrah,61,10,7,35,16*,11.66,37,94.59,0,0,2,2,1
JC Buttler,24,24,3,527,77,25.09,361,145.98,0,1,1,50,26
YS Chahal,1,-,-,-,-,-,-,-,-,-,-,-,-
UBT Chand,7,6,0,102,58,17,87,117.24,0,1,1,13,2
SD Chitnis,3,2,0,18,15,9,10,180,0,0,0,1,1
NM Coulter-Nile,1,1,0,9,9,9,6,150,0,0,0,0,1
BCJ Cutting,9,6,2,96,37,24,58,165.51,0,0,0,5,8
A Dananjaya,1,1,1,4,4*,-,5,80,0,0,0,0,0
M de Lange,2,1,0,1,1,1,2,50,0,0,0,0,0
R Dhawan,6,4,1,21,14,7,21,100,0,0,1,3,0
S Dhawan,15,14,0,231,56,16.5,215,107.44,0,2,1,26,3
JP Duminy,26,23,8,565,62,37.66,496,113.91,0,5,1,42,17
BR Dunk,3,3,0,40,20,13.33,35,114.28,0,0,0,7,0
CRD Fernando,10,2,2,4,2*,-,3,133.33,0,0,0,0,0
AJ Finch,3,3,1,23,10*,11.5,33,69.69,0,0,0,4,0
JEC Franklin,20,16,5,327,79,29.72,301,108.63,0,1,0,25,8
CM Gautam,9,9,2,121,33,17.28,111,109,0,0,0,13,5
HH Gibbs,3,3,1,81,66*,40.5,88,92.04,0,1,0,8,2
S Gopal,6,3,1,14,11,7,27,51.85,0,0,0,1,0
MJ Guptill,3,3,0,57,48,19,55,103.63,0,0,0,3,3
Harbhajan Singh,136,84,35,799,64,16.3,561,142.42,0,1,13,76,41
MEK Hussey,9,9,0,209,56,23.22,182,114.83,0,2,0,17,7
Ishan Kishan,14,12,0,275,62,22.91,184,149.45,0,2,3,22,17
DJ Jacobs,7,7,0,92,32,13.14,98,93.87,0,0,1,10,4
ST Jayasuriya,30,30,2,768,114*,27.42,532,144.36,1,4,2,84,39
MG Johnson,22,9,5,59,13*,14.75,53,111.32,0,0,0,3,3
KD Karthik,36,33,2,748,86,24.12,624,119.87,0,2,3,84,16
Z Khan,26,12,9,40,23*,13.33,31,129.03,0,0,1,3,2
MA Khote,4,3,1,24,9,12,22,109.09,0,0,0,2,1
DS Kulkarni,33,8,5,23,10*,7.66,42,54.76,0,0,0,2,0
P Kumar,3,1,0,1,1,1,2,50,0,0,0,0,0
RE Levi,6,6,0,83,50,13.83,73,113.69,0,1,2,10,4
E Lewis,13,13,0,382,65,29.38,276,138.4,0,2,2,32,24
MJ McClenaghan,51,20,10,74,20,7.4,54,137.03,0,0,5,3,7
CJ McKay,2,1,0,8,8,8,15,53.33,0,0,0,0,0
R McLaren,10,7,4,66,40,22,69,95.65,0,0,1,7,0
C Madan,1,1,0,15,15,15,19,78.94,0,0,0,3,0
SL Malinga,110,25,9,88,17,5.5,99,88.88,0,0,6,6,5
M Markande,14,6,4,21,7*,10.5,24,87.5,0,0,0,2,0
GJ Maxwell,3,3,1,36,23,18,27,133.33,0,0,1,1,4
Mohammad Ashraful,1,1,0,2,2,2,10,20,0,0,0,0,0
AG Murtaza,8,1,1,2,2*,-,5,40,0,0,0,0,0
Mustafizur Rahman,7,2,1,1,1,1,3,33.33,0,0,0,0,0
C Nanda,3,1,0,0,0,0,1,0,0,0,1,0,0
GR Napier,1,1,0,15,15,15,16,93.75,0,0,0,1,0
AM Nayar,30,24,5,457,45*,24.05,341,134.01,0,0,0,34,18
A Nehra,14,4,3,3,2*,3,13,23.07,0,0,1,0,0
A Nel,1,1,0,0,0,0,0,-,0,0,1,0,0
PP Ojha,38,9,5,10,3,2.5,26,38.46,0,0,1,0,0
JDP Oram,1,-,-,-,-,-,-,-,-,-,-,-,-
MK Pandey,3,2,0,3,3,1.5,9,33.33,0,0,1,0,0
HH Pandya,50,46,18,666,61*,23.78,480,138.75,0,2,2,44,39
KH Pandya,39,33,10,708,86,30.78,460,153.91,0,1,0,68,30
MM Patel,31,5,4,2,1*,2,8,25,0,0,1,0,0
PA Patel,40,40,1,911,81,23.35,691,131.83,0,5,5,119,17
RV Pawar,1,-,-,-,-,-,-,-,-,-,-,-,-
NLTC Perera,2,2,1,4,4*,4,9,44.44,0,0,1,0,0
RJ Peterson,5,5,2,32,16*,10.66,30,106.66,0,0,1,3,1
KA Pollard,132,121,33,2476,78,28.13,1699,145.73,0,13,3,167,154
SM Pollock,13,8,0,147,33,18.37,111,132.43,0,0,2,12,8
RT Ponting,6,5,0,52,28,10.4,75,69.33,0,0,1,3,1
RW Price,1,-,-,-,-,-,-,-,-,-,-,-,-
AM Rahane,10,9,1,148,62*,18.5,140,105.71,0,2,2,13,3
RR Raje,10,5,4,20,11*,20,18,111.11,0,0,0,1,1
N Rana,17,15,1,437,70,31.21,339,128.9,0,4,0,31,25
AT Rayudu,114,107,18,2416,81*,27.14,1915,126.16,0,14,9,205,79
L Ronchi,5,5,0,34,13,6.8,34,100,0,0,1,6,1
PJ Sangwan,1,1,0,0,0,0,4,0,0,0,1,0,0
K Santokie,2,-,-,-,-,-,-,-,-,-,-,-,-
R Sathish,21,14,5,137,24,15.22,130,105.38,0,0,1,12,0
PR Shah,14,9,2,87,29,12.42,86,101.16,0,0,1,8,2
RA Shaikh,1,-,-,-,-,-,-,-,-,-,-,-,-
KV Sharma,9,6,0,49,19,8.16,41,119.51,0,0,0,5,2
RG Sharma,128,124,21,3323,109*,32.26,2539,130.87,1,26,10,283,133
R Shukla,1,-,-,-,-,-,-,-,-,-,-,-,-
LMP Simmons,29,29,2,1079,100*,39.96,852,126.64,1,11,2,109,44
RP Singh,11,5,3,6,3,3,12,50,0,0,1,0,0
DR Smith,24,22,2,620,87*,31,479,129.43,0,5,2,63,27
TG Southee,14,5,1,37,25,9.25,22,168.18,0,0,0,1,3
J Suchith,14,6,5,48,34*,48,32,150,0,0,0,4,2
TL Suman,10,9,1,80,36,10,70,114.28,0,0,0,6,6
P Suyal,5,-,-,-,-,-,-,-,-,-,-,-,-
A Symonds,11,9,5,135,44*,33.75,138,97.82,0,0,0,9,3
YV Takawale,11,5,2,88,27,29.33,87,101.14,0,0,0,9,2
AP Tare,29,23,4,313,59,16.47,235,133.19,0,1,2,36,11
SR Tendulkar,78,78,11,2334,100*,34.83,1948,119.81,1,13,4,295,29
DJ Thornely,6,4,2,39,30,19.5,53,73.58,0,0,0,2,2
SS Tiwary,24,21,3,510,61,28.33,384,132.81,0,4,1,41,19
RV Uthappa,14,14,5,320,48,35.55,279,114.69,0,0,0,34,9
R Vinay Kumar,17,5,3,13,12,6.5,14,92.85,0,0,1,0,1
SA Yadav,15,15,0,512,72,34.13,388,131.95,0,4,2,61,16
VS Yeligati,2,1,0,2,2,2,2,100,0,0,0,0,0
UA Birla,2,1,0,7,7,7,14,50,0,0,0,1,0
MJ Clarke,6,6,0,98,41,16.33,94,104.25,0,0,0,12,0
AB Dinda,20,6,3,11,6*,3.66,16,68.75,0,0,2,1,0
JP Faulkner,1,-,-,-,-,-,-,-,-,-,-,-,-
CJ Ferguson,9,8,2,98,23,16.33,117,83.76,0,0,0,9,0
AJ Finch,14,14,0,456,67,32.57,336,135.71,0,4,1,54,16
SC Ganguly,19,18,1,318,45,18.7,330,96.36,0,0,1,33,6
RV Gomez,2,1,1,4,4*,-,1,400,0,0,0,1,0
Harpreet Singh,3,3,1,20,13,10,26,76.92,0,0,0,0,0
AA Jhunjhunwala,3,2,0,10,10,5,18,55.55,0,0,1,2,0
Kamran Khan,1,-,-,-,-,-,-,-,-,-,-,-,-
M Kartik,17,7,6,38,14*,38,36,105.55,0,0,0,2,1
B Kumar,31,19,9,93,24*,9.3,112,83.03,0,0,1,7,1
NL McCullum,2,2,1,26,15,26,22,118.18,0,0,0,0,1
AP Majumdar,4,4,0,87,31,21.75,76,114.47,0,0,0,7,2
M Manhas,23,19,5,247,42*,17.64,236,104.66,0,0,4,19,8
MR Marsh,14,11,2,190,38,21.11,155,122.58,0,0,0,8,13
AD Mathews,20,18,4,299,40,21.35,247,121.05,0,0,1,10,14
BAW Mendis,3,1,0,2,2,2,4,50,0,0,0,0,0
MD Mishra,7,6,1,71,37*,14.2,64,110.93,0,0,0,6,2
SS Mundhe,1,-,-,-,-,-,-,-,-,-,-,-,-
AG Murtaza,4,2,1,8,5,8,9,88.88,0,0,0,1,0
AM Nayar,11,9,3,66,25*,11,73,90.41,0,0,1,5,0
A Nehra,13,2,2,11,9*,-,12,91.66,0,0,0,1,0
TD Paine,2,2,0,10,8,5,26,38.46,0,0,0,0,0
IC Pandey,2,1,0,0,0,0,2,0,0,0,1,0,0
MK Pandey,27,25,3,525,80*,23.86,476,110.29,0,3,5,51,15
WD Parnell,18,11,3,61,16,7.62,73,83.56,0,0,0,4,1
Parvez Rasool,2,2,1,5,4*,5,9,55.55,0,0,0,0,0
S Rana,2,1,0,18,18,18,16,112.5,0,0,0,2,0
M Rawat,2,2,1,5,5,5,11,45.45,0,0,0,0,0
KW Richardson,3,2,0,34,26,17,36,94.44,0,0,0,2,1
JD Ryder,24,24,1,548,86,23.82,409,133.98,0,4,2,60,19
MN Samuels,10,10,1,132,46,14.66,141,93.61,0,0,0,8,5
R Sharma,36,16,5,37,13,3.36,49,75.51,0,0,7,2,2
GC Smith,4,4,0,42,24,10.5,51,82.35,0,0,1,6,0
SPD Smith,22,21,8,521,47*,40.07,399,130.57,0,0,0,39,18
TL Suman,7,5,0,52,23,10.4,58,89.65,0,0,1,8,0
JE Taylor,5,2,1,3,2,3,3,100,0,0,0,0,0
LRPL Taylor,5,5,0,63,19,12.6,76,82.89,0,0,0,2,1
AC Thomas,15,4,2,20,12,10,19,105.26,0,0,0,1,1
K Upadhyay,3,2,2,12,11*,-,9,133.33,0,0,0,0,1
RV Uthappa,46,45,4,1103,75,26.9,923,119.5,0,4,2,107,32
SB Wagh,7,2,0,2,2,1,3,66.66,0,0,1,0,0
LJ Wright,7,6,1,106,44,21.2,60,176.66,0,0,0,16,3
Yuvraj Singh,27,26,4,581,66*,26.4,451,128.82,0,2,1,38,33
S Ladda,1,-,-,-,-,-,-,-,-,-,-,-,-
AD Nath,5,4,0,20,12,5,28,71.42,0,0,1,1,0
SS Agarwal,1,-,-,-,-,-,-,-,-,-,-,-,-
Ankit Soni,7,3,1,7,7*,3.5,9,77.77,0,0,2,0,1
Basil Thampi,12,5,5,28,13*,-,28,100,0,0,0,1,1
DJ Bravo,15,13,5,99,22*,12.37,82,120.73,0,0,1,11,1
ER Dwivedi,4,2,0,24,19,12,14,171.42,0,0,0,2,2
JP Faulkner,15,11,4,131,32,18.71,116,112.93,0,0,0,11,0
AJ Finch,26,25,3,692,74,31.45,479,144.46,0,7,3,70,30
MS Gony,1,-,-,-,-,-,-,-,-,-,-,-,-
Ishan Kishan,16,15,0,319,61,21.26,247,129.14,0,1,1,34,13
RA Jadeja,27,25,12,349,36*,26.84,290,120.34,0,0,1,27,8
SB Jakati,8,1,1,1,1*,-,2,50,0,0,0,0,0
KD Karthik,30,28,5,696,65,30.26,525,132.57,0,5,2,68,14
S Kaushik,10,2,1,0,0*,0,1,0,0,0,1,0,0
DS Kulkarni,20,6,3,28,10,9.33,18,155.55,0,0,0,3,0
P Kumar,22,9,4,32,15,6.4,35,91.42,0,0,1,3,0
BB McCullum,27,27,0,673,72,24.92,479,140.5,0,3,1,67,34
MM Patel,2,1,0,0,0,0,1,0,0,0,1,0,0
IK Pathan,1,1,0,2,2,2,3,66.66,0,0,0,0,0
SK Raina,29,29,4,841,84,33.64,619,135.86,0,6,0,81,23
JJ Roy,3,3,1,59,31,29.5,40,147.5,0,0,0,9,1
PJ Sangwan,7,3,1,2,1*,1,4,50,0,0,1,0,0
NB Singh,2,-,-,-,-,-,-,-,-,-,-,-,-
DR Smith,24,24,2,563,74,25.59,377,149.33,0,5,3,67,24
DW Steyn,1,1,0,1,1,1,2,50,0,0,0,0,0
PV Tambe,7,1,1,7,7*,-,19,36.84,0,0,0,1,0
Tejas Baroka,1,-,-,-,-,-,-,-,-,-,-,-,-
AJ Tye,6,3,1,53,25,26.5,30,176.66,0,0,0,4,3
VR Aaron,6,2,1,4,4,4,10,40,0,0,0,0,0
KJ Abbott,5,3,2,13,12*,13,8,162.5,0,0,1,0,1
YA Abdulla,11,1,1,0,0*,-,1,0,0,0,0,0,0
L Ablish,3,1,1,0,0*,-,2,0,0,0,0,0,0
AD Nath,1,1,0,9,9,9,13,69.23,0,0,0,1,0
MA Agarwal,11,11,1,120,30,12,94,127.65,0,0,1,9,5
HM Amla,16,16,3,577,104*,44.38,407,141.76,2,3,2,60,21
Anureet Singh,17,7,3,33,15,8.25,43,76.74,0,0,2,2,1
R Ashwin,14,9,1,102,45,12.75,71,143.66,0,0,3,7,5
P Awana,33,7,5,5,4*,2.5,14,35.71,0,0,2,0,0
Azhar Mahmood,22,20,2,382,80,21.22,296,129.05,0,2,2,38,13
GJ Bailey,30,29,9,516,61*,25.8,380,135.78,0,2,0,41,17
L Balaji,9,2,1,1,1*,1,3,33.33,0,0,1,0,0
AB Barath,3,3,1,42,33,21,42,100,0,0,0,5,1
F Behardien,3,3,1,14,9*,7,13,107.69,0,0,1,2,0
BA Bhatt,17,2,1,6,6*,6,7,85.71,0,0,1,0,1
Bipul Sharma,15,9,5,104,35*,26,72,144.44,0,0,0,8,3
MS Bisla,10,10,0,218,75,21.8,178,122.47,0,1,1,27,6
RS Bopara,15,14,1,386,84,29.69,333,115.91,0,3,1,33,10
RR Bose,1,-,-,-,-,-,-,-,-,-,-,-,-
KC Cariappa,9,4,1,15,12*,5,18,83.33,0,0,0,0,1
PP Chawla,87,52,21,401,24*,12.93,355,112.95,0,0,7,36,12
SD Chitnis,7,5,1,75,38,18.75,71,105.63,0,0,0,8,1
P Dharmani,1,-,-,-,-,-,-,-,-,-,-,-,-
R Dhawan,20,13,9,132,25*,33,114,115.78,0,0,0,10,4
P Dogra,3,3,1,15,6,7.5,24,62.5,0,0,0,0,0
JP Faulkner,2,2,1,14,11*,14,13,107.69,0,0,0,0,0
AJ Finch,10,9,1,134,46,16.75,100,134,0,0,2,6,8
Gagandeep Singh,4,-,-,-,-,-,-,-,-,-,-,-,-
CH Gayle,11,11,2,368,104*,40.88,252,146.03,1,3,1,30,27
AC Gilchrist,34,34,3,849,106,27.38,667,127.28,1,4,3,103,28
K Goel,22,17,2,218,38,14.53,231,94.37,0,0,2,17,9
MS Gony,8,5,1,45,42,11.25,25,180,0,0,2,4,3
MJ Guptill,7,7,1,132,50*,22,88,150,0,1,1,17,5
Gurkeerat Singh,30,24,3,342,51,16.28,272,125.73,0,1,4,36,9
Harmeet Singh,10,3,1,18,14,9,11,163.63,0,0,0,3,0
RJ Harris,21,11,4,51,17,7.28,55,92.72,0,0,2,4,1
BE Hendricks,7,3,2,1,1*,1,3,33.33,0,0,1,0,0
MJ Henry,2,-,-,-,-,-,-,-,-,-,-,-,-
JR Hopes,11,11,0,221,71,20.09,148,149.32,0,2,1,27,8
DJ Hussey,36,34,6,695,68*,24.82,577,120.45,0,2,1,51,26
DPMD Jayawardene,36,35,12,837,110*,36.39,594,140.9,1,2,1,87,25
MG Johnson,26,19,10,92,16*,10.22,100,92,0,0,2,5,4
M Kaif,4,3,0,28,14,9.33,30,93.33,0,0,0,2,0
Karanveer Singh,9,4,3,12,5*,12,17,70.58,0,0,0,1,0
KD Karthik,14,13,2,282,69,25.63,220,128.18,0,1,1,32,7
M Kartik,2,-,-,-,-,-,-,-,-,-,-,-,-
SM Katich,11,11,1,241,75,24.1,186,129.56,0,2,1,25,8
U Kaul,5,1,1,0,0*,-,1,0,0,0,0,0,0
T Kohli,2,2,1,1,1,1,4,25,0,0,0,0,0
P Kumar,44,21,9,109,24,9.08,100,109,0,0,3,7,5
B Lee,13,10,6,56,16*,14,56,100,0,0,1,5,2
R McLaren,6,4,1,90,51*,30,96,93.75,0,1,0,7,1
VS Malik,9,1,0,6,6,6,5,120,0,0,0,1,0
Mandeep Singh,41,38,2,763,77*,21.19,632,120.72,0,3,4,95,8
SE Marsh,71,69,7,2477,115,39.95,1866,132.74,1,20,1,266,78
AD Mascarenhas,5,4,1,19,9,6.33,21,90.47,0,0,1,1,0
GJ Maxwell,52,51,5,1186,95,25.78,709,167.27,0,6,8,94,78
DA Miller,69,67,21,1637,101*,35.58,1169,140.03,1,8,1,107,80
EJG Morgan,4,4,0,65,26,16.25,62,104.83,0,0,0,6,2
WA Mota,12,8,2,56,25,9.33,75,74.66,0,0,0,2,0
Mujeeb Ur Rahman,11,2,1,10,10*,10,7,142.85,0,0,1,2,0
NS Naik,2,2,0,23,22,11.5,31,74.19,0,0,0,1,0
KK Nair,13,12,0,301,54,25.08,221,136.19,0,2,0,23,13
T Natarajan,6,-,-,-,-,-,-,-,-,-,-,-,-
AM Nayar,14,13,3,106,24,10.6,116,91.37,0,0,2,11,1
MG Neser,1,-,-,-,-,-,-,-,-,-,-,-,-
AR Patel,68,51,15,686,44,19.05,542,126.56,0,0,4,37,32
IK Pathan,42,35,11,603,60,25.12,460,131.08,0,1,1,47,22
NLTC Perera,2,2,0,12,9,6,15,80,0,0,0,0,1
LA Pomersbach,12,12,5,251,79*,35.85,207,121.25,0,1,0,21,11
RR Powar,22,7,5,56,28*,28,51,109.8,0,0,0,6,1
CA Pujara,6,6,1,125,40*,25,124,100.8,0,0,0,17,0
KL Rahul,14,14,2,659,95*,54.91,416,158.41,0,6,0,66,32
AS Rajpoot,8,3,0,11,8,3.66,18,61.11,0,0,0,1,0
NJ Rimmington,1,1,1,1,1*,-,1,100,0,0,0,0,0
WP Saha,57,49,4,1115,115*,24.77,845,131.95,1,5,1,98,37
P Sahu,5,2,1,19,18*,19,13,146.15,0,0,0,1,1
N Saini,10,10,0,140,50,14,141,99.29,0,1,0,16,0
Sandeep Sharma,56,13,12,26,7,26,35,74.28,0,0,0,1,0
KC Sangakkara,37,34,2,1009,94,31.53,779,129.52,0,8,2,117,18
RR Sarwan,4,4,0,73,31,18.25,75,97.33,0,0,0,6,1
R Sathish,9,8,3,109,27*,21.8,77,141.55,0,0,1,9,5
V Sehwag,25,25,0,554,122,22.16,399,138.84,1,1,1,68,21
I Sharma,6,3,1,8,5*,4,12,66.66,0,0,0,1,0
MM Sharma,37,17,6,93,15,8.45,89,104.49,0,0,0,7,2
Shivam Sharma,5,2,1,5,4,5,3,166.66,0,0,0,1,0
VRV Singh,19,2,0,4,4,2,3,133.33,0,0,1,1,0
RS Sodhi,3,1,1,4,4*,-,2,200,0,0,0,1,0
S Sohal,11,10,0,119,43,11.9,101,117.82,0,0,2,9,8
BB Sran,6,4,3,3,2,3,7,42.85,0,0,0,0,0
S Sreesanth,28,8,7,32,15*,32,42,76.19,0,0,1,6,0
SJ Srivastava,14,4,3,5,3*,5,5,100,0,0,1,0,0
TM Srivastava,7,3,2,8,7,8,11,72.72,0,0,0,0,0
MP Stoinis,19,15,4,262,52,23.81,208,125.96,0,1,1,20,8
Sunny Singh,6,5,1,43,20,10.75,31,138.7,0,0,0,6,1
Swapnil Singh,5,3,0,12,10,4,20,60,0,0,1,0,0
R Tewatia,3,2,1,19,15*,19,11,172.72,0,0,0,4,0
SN Thakur,1,1,1,7,7*,-,6,116.66,0,0,0,1,0
J Theron,7,2,0,2,2,1,5,40,0,0,1,0,0
MK Tiwary,5,4,1,47,35,15.66,44,106.81,0,0,0,4,1
AJ Tye,14,8,2,32,14,5.33,38,84.21,0,0,2,2,1
PC Valthaty,21,21,1,499,120*,24.95,406,122.9,1,2,1,59,20
M Vijay,25,25,1,704,89,29.33,592,118.91,0,5,1,77,18
M Vohra,45,41,2,957,95,24.53,721,132.73,0,3,2,95,35
Yuvraj Singh,51,48,5,959,58*,22.3,750,127.86,0,3,0,75,51
B Akhil,1,1,0,13,13,13,9,144.44,0,0,0,0,1
Y Gnaneswara Rao,2,1,0,19,19,19,17,111.76,0,0,0,3,0
RV Gomez,11,8,3,46,26*,9.2,50,92,0,0,3,4,1
BJ Hodge,14,14,6,285,51*,35.62,236,120.76,0,1,1,26,9
RA Jadeja,14,12,3,283,47,31.44,228,124.12,0,0,0,20,14
KM Jadhav,6,4,1,18,12,6,23,78.26,0,0,1,1,0
DPMD Jayawardene,13,13,0,299,76,23,257,116.34,0,3,0,35,5
M Klinger,4,4,0,73,29,18.25,77,94.8,0,0,0,9,0
VVS Laxman,3,3,0,44,36,14.66,42,104.76,0,0,1,3,2
BB McCullum,13,13,0,357,81,27.46,275,129.81,0,1,2,35,16
M Muralitharan,5,1,1,5,5*,-,8,62.5,0,0,0,0,0
P Parameswaran,5,1,1,1,1*,-,1,100,0,0,0,0,0
PA Patel,14,13,3,202,37*,20.2,183,110.38,0,0,2,25,2
NLTC Perera,4,2,0,23,22,11.5,27,85.18,0,0,0,4,0
RR Powar,5,3,2,11,8*,11,13,84.61,0,0,1,0,0
P Prasanth,1,-,-,-,-,-,-,-,-,-,-,-,-
OA Shah,3,2,0,26,23,13,15,173.33,0,0,0,1,2
RP Singh,14,5,2,2,1*,0.66,4,50,0,0,2,0,0
S Sreesanth,9,3,1,1,1,0.5,9,11.11,0,0,1,0,0
R Vinay Kumar,13,7,1,50,18,8.33,47,106.38,0,0,0,4,1
Ankit Sharma,8,4,1,41,30,13.66,36,113.88,0,0,1,5,1
Anureet Singh,3,1,1,3,3*,-,4,75,0,0,0,0,0
JC Archer,10,8,3,15,8,3,21,71.42,0,0,3,2,0
SA Asnodkar,20,20,0,423,60,21.15,339,124.77,0,2,3,56,10
S Badree,1,-,-,-,-,-,-,-,-,-,-,-,-
R Bhatia,14,8,2,67,23,11.16,54,124.07,0,0,1,4,3
STR Binny,64,49,16,661,48*,20.03,523,126.38,0,0,6,49,24
J Botha,24,19,8,335,67*,30.45,292,114.72,0,1,0,29,3
JC Buttler,13,13,3,548,95*,54.8,353,155.24,0,5,0,52,21
LA Carseldine,5,5,1,81,39,20.25,68,119.11,0,0,0,11,0
UBT Chand,1,1,0,2,2,2,9,22.22,0,0,0,0,0
A Chandila,12,2,2,4,4*,-,7,57.14,0,0,0,0,0
AA Chavan,13,3,1,12,7*,6,11,109.09,0,0,0,2,0
SD Chitnis,1,1,0,6,6,6,8,75,0,0,0,1,0
P Chopra,1,1,0,8,8,8,6,133.33,0,0,0,2,0
KK Cooper,25,14,5,116,32,12.88,68,170.58,0,0,1,9,8
BCJ Cutting,1,1,0,8,8,8,6,133.33,0,0,0,0,1
P Dogra,9,8,0,107,41,13.37,106,100.94,0,0,1,4,5
AP Dole,3,2,0,34,30,17,22,154.54,0,0,0,3,1
ND Doshi,3,1,0,0,0,0,13,0,0,0,1,0,0
R Dravid,46,45,2,1276,66,29.67,1151,110.86,0,7,0,171,11
JP Faulkner,42,32,15,382,46,22.47,260,146.92,0,0,0,25,23
FY Fazal,12,11,1,183,45,18.3,173,105.78,0,0,1,22,1
AJ Finch,1,1,0,21,21,21,21,100,0,0,0,0,1
S Gopal,11,4,1,50,24,16.66,45,111.11,0,0,1,5,0
SP Goswami,11,6,1,69,24,13.8,67,102.98,0,0,1,4,1
K Gowtham,15,13,4,126,33*,14,64,196.87,0,0,1,9,9
Harmeet Singh,1,-,-,-,-,-,-,-,-,-,-,-,-
SM Harwood,3,2,2,9,6*,-,14,64.28,0,0,0,0,0
T Henderson,2,2,0,11,11,5.5,16,68.75,0,0,1,0,1
BJ Hodge,33,30,12,639,54*,35.5,465,137.41,0,1,0,49,24
GB Hogg,10,3,1,15,13,7.5,16,93.75,0,0,0,1,0
DJ Hooda,14,9,0,151,54,16.77,95,158.94,0,1,0,6,11
Iqbal Abdulla,1,-,-,-,-,-,-,-,-,-,-,-,-
RA Jadeja,27,22,4,430,42,23.88,369,116.53,0,0,2,32,12
AA Jhunjhunwala,13,11,2,183,53*,20.33,166,110.24,0,1,0,16,4
M Kaif,16,14,3,176,34*,16,171,102.92,0,0,0,14,6
Kamran Akmal,6,6,1,128,53*,25.6,78,164.1,0,1,0,13,8
Kamran Khan,8,2,1,3,3,3,5,60,0,0,0,0,0
H Klaasen,4,4,1,57,32,19,47,121.27,0,0,1,5,1
T Kohli,2,2,0,10,7,5,15,66.66,0,0,0,0,1
DS Kulkarni,27,6,3,45,28*,15,43,104.65,0,0,0,1,2
B Laughlin,7,2,1,1,1*,1,4,25,0,0,1,0,0
DS Lehmann,2,2,0,18,17,9,18,100,0,0,0,3,0
MK Lomror,2,2,1,20,11,20,21,95.23,0,0,0,1,0
MJ Lumb,11,11,0,278,83,25.27,192,144.79,0,1,2,45,6
VS Malik,4,1,1,1,1*,-,2,50,0,0,0,0,0
DR Martyn,1,1,0,19,19,19,24,79.16,0,0,0,1,0
AD Mascarenhas,8,7,1,60,27,10,57,105.26,0,0,1,4,1
AL Menaria,29,23,2,401,40,19.09,356,112.64,0,0,1,24,18
M Morkel,4,3,1,17,8,8.5,24,70.83,0,0,0,2,0
CH Morris,11,7,5,76,34*,38,46,165.21,0,0,1,3,5
KK Nair,25,23,2,511,73*,24.33,377,135.54,0,4,0,56,14
S Narwal,5,3,1,14,12,7,12,116.66,0,0,1,2,0
AM Nayar,5,4,1,43,23,14.33,47,91.48,0,0,0,5,1
NV Ojha,22,22,3,545,94*,28.68,429,127.03,0,4,3,53,26
JDP Oram,2,1,0,0,0,0,3,0,0,0,1,0,0
Pankaj Singh,12,2,2,5,4*,-,8,62.5,0,0,0,0,0
MM Patel,30,9,5,37,23*,9.25,32,115.62,0,0,3,5,0
NK Patel,9,6,2,121,57,30.25,119,101.68,0,1,0,14,1
YK Pathan,43,42,4,1011,100,26.6,627,161.24,1,6,1,89,61
AG Paunikar,5,5,0,49,20,9.8,58,84.48,0,0,1,9,0
MDKJ Perera,2,2,0,14,14,7,13,107.69,0,0,1,3,0
RJ Quiney,7,7,0,103,51,14.71,102,100.98,0,1,0,12,3
AM Rahane,86,80,10,2417,103*,34.52,2006,120.48,1,16,4,257,44
AS Raut,22,16,7,194,36*,21.55,167,116.16,0,0,1,13,7
M Rawat,16,10,6,50,23*,12.5,58,86.2,0,0,1,4,1
KW Richardson,7,1,0,1,1,1,2,50,0,0,0,0,0
Sachin Baby,4,1,0,3,3,3,7,42.85,0,0,0,0,0
D Salunkhe,6,3,1,33,26*,16.5,24,137.5,0,0,0,5,0
SV Samson,53,49,4,1190,92*,26.44,934,127.4,0,7,3,90,49
OA Shah,15,15,4,365,76,33.18,279,130.82,0,3,0,26,16
PR Shah,2,1,0,5,5,5,5,100,0,0,0,1,0
DJM Short,7,7,0,115,44,16.42,99,116.16,0,0,0,11,5
R Shukla,3,1,1,1,1*,-,2,50,0,0,0,0,0
A Singh,23,5,1,2,1*,0.5,10,20,0,0,3,0,0
GC Smith,25,25,3,697,91,31.68,617,112.96,0,4,2,88,9
SPD Smith,24,19,4,440,79*,29.33,331,132.93,0,2,1,46,7
IS Sodhi,6,1,0,1,1,1,6,16.66,0,0,0,0,0
Sohail Tanvir,11,5,2,36,13,12,29,124.13,0,0,0,3,1
TG Southee,10,4,2,17,7*,8.5,13,130.76,0,0,0,2,0
BB Sran,1,-,-,-,-,-,-,-,-,-,-,-,-
S Sreesanth,7,3,2,1,1*,1,4,25,0,0,1,0,0
BA Stokes,13,13,1,196,45,16.33,161,121.73,0,0,1,13,6
SW Tait,21,5,2,23,11,7.66,26,88.46,0,0,1,1,1
PV Tambe,26,5,3,11,3*,5.5,20,55,0,0,0,0,0
LRPL Taylor,12,11,6,181,47*,36.2,152,119.07,0,0,1,11,7
R Tewatia,4,1,0,16,16,16,13,123.07,0,0,0,0,1
J Theron,1,1,1,1,1*,-,1,100,0,0,0,0,0
RA Tripathi,12,12,3,226,80*,25.11,167,135.32,0,1,0,18,8
SK Trivedi,76,15,8,42,9,6,59,71.18,0,0,1,3,1
JD Unadkat,15,7,3,49,26,12.25,38,128.94,0,0,1,6,1
A Uniyal,2,2,1,4,4*,4,7,57.14,0,0,1,0,0
PC Valthaty,2,2,0,6,5,3,12,50,0,0,0,1,0
AC Voges,9,7,3,181,45*,45.25,143,126.57,0,0,0,15,3
SB Wagh,1,-,-,-,-,-,-,-,-,-,-,-,-
SK Warne,55,29,9,198,34*,9.9,214,92.52,0,0,7,14,6
SR Watson,78,76,11,2372,104*,36.49,1679,141.27,2,14,2,237,109
DH Yagnik,25,17,7,170,34,17,137,124.08,0,0,1,23,2
Younis Khan,1,1,0,3,3,3,7,42.85,0,0,0,0,0
S Ladda,5,2,1,0,0*,0,9,0,0,0,1,0,0
AR Bawne,1,1,1,12,12*,-,12,100,0,0,0,1,0
VR Aaron,12,3,1,1,1,0.5,8,12.5,0,0,1,0,0
Abhishek Sharma,3,3,2,63,46*,63,33,190.9,0,0,0,3,5
AB Agarkar,15,5,3,19,9*,9.5,22,86.36,0,0,1,1,0
MA Agarwal,21,21,1,355,68,17.75,293,121.16,0,2,1,38,11
CJ Anderson,11,11,4,142,41*,20.28,123,115.44,0,0,1,8,9
Avesh Khan,6,-,-,-,-,-,-,-,-,-,-,-,-
R Bhatia,22,11,1,66,21,6.6,63,104.76,0,0,2,4,4
SW Billings,11,10,0,226,55,22.6,168,134.52,0,2,1,23,5
TR Birt,5,5,0,75,27,15,58,129.31,0,0,0,9,2
J Botha,6,6,0,43,23,7.16,52,82.69,0,0,0,5,1
TA Boult,14,1,0,0,0,0,2,0,0,0,1,0,0
DAJ Bracewell,1,1,1,12,12*,-,9,133.33,0,0,0,1,0
CR Brathwaite,10,8,0,95,34,11.87,53,179.24,0,0,0,8,8
UBT Chand,13,13,0,196,41,15.07,204,96.07,0,0,3,19,7
B Chipli,1,1,0,16,16,16,18,88.88,0,0,0,1,1
DT Christian,4,3,1,26,13,13,33,78.78,0,0,0,0,1
PD Collingwood,8,7,2,203,75*,40.6,156,130.12,0,3,0,9,13
NM Coulter-Nile,17,8,4,29,7*,7.25,32,90.62,0,0,0,3,1
PJ Cummins,12,9,4,77,24,15.4,53,145.28,0,0,0,5,4
CJ Dala,1,-,-,-,-,-,-,-,-,-,-,-,-
Q de Kock,23,23,1,720,108,32.72,534,134.83,1,5,0,89,21
AB de Villiers,28,26,5,671,105*,31.95,572,117.3,1,3,2,51,13
S Dhawan,14,14,5,340,68*,37.77,295,115.25,0,4,1,35,8
TM Dilshan,27,26,4,566,67*,25.72,473,119.66,0,4,3,62,16
AB Dinda,6,1,0,0,0,0,5,0,0,0,1,0,0
JP Duminy,38,35,12,1015,78*,44.13,776,130.79,0,6,0,62,43
AJ Finch,8,8,0,102,30,12.75,97,105.15,0,0,2,11,3
G Gambhir,46,44,4,1182,86,29.55,962,122.86,0,9,2,140,13
CM Gautam,4,4,1,48,30,16,39,123.07,0,0,0,4,1
B Geeves,2,-,-,-,-,-,-,-,-,-,-,-,-
Sunny Gupta,1,1,0,0,0,0,1,0,0,0,1,0,0
MC Henriques,1,1,0,11,11,11,5,220,0,0,0,2,0
JR Hopes,10,8,3,196,55,39.2,158,124.05,0,2,0,22,3
Imran Tahir,20,5,1,18,5,4.5,23,78.26,0,0,0,3,0
CA Ingram,3,3,1,21,13*,10.5,26,80.76,0,0,0,2,0
SS Iyer,46,46,6,1218,96,30.45,938,129.85,0,10,5,108,53
KM Jadhav,41,37,14,566,63*,24.6,421,134.44,0,2,4,44,21
DPMD Jayawardene,31,30,3,666,66,24.66,611,109,0,5,1,78,9
MC Juneja,7,7,0,125,49,17.85,128,97.65,0,0,0,11,1
KD Karthik,56,49,8,1036,69,25.26,819,126.49,0,6,2,87,30
S Kaul,11,3,3,9,7*,-,11,81.81,0,0,0,0,0
Z Khan,30,5,2,10,4,3.33,26,38.46,0,0,0,1,0
S Lamichhane,3,-,-,-,-,-,-,-,-,-,-,-,-
AB McDonald,6,5,3,76,33*,38,63,120.63,0,0,0,3,2
GD McGrath,14,3,2,4,4*,4,5,80,0,0,1,1,0
MF Maharoof,20,14,4,177,39,17.7,123,143.9,0,0,2,12,9
VY Mahesh,13,5,3,15,6*,7.5,27,55.55,0,0,0,0,0
M Manhas,20,14,7,232,32*,33.14,211,109.95,0,0,2,21,1
AD Mathews,14,12,3,176,31,19.55,131,134.35,0,0,1,14,7
GJ Maxwell,14,14,1,175,47,13.46,131,133.58,0,0,0,14,9
BMAJ Mendis,3,3,0,23,12,7.66,27,85.18,0,0,1,0,0
A Mishra,81,28,13,164,31,10.93,193,84.97,0,0,3,8,4
Mohammad Asif,8,2,0,3,3,1.5,6,50,0,0,1,0,0
Mohammed Shami,32,13,6,48,21,6.85,41,117.07,0,0,1,5,2
JA Morkel,4,3,2,86,73*,86,65,132.3,0,1,0,9,2
M Morkel,37,15,6,100,23*,11.11,59,169.49,0,0,5,9,4
CH Morris,25,20,11,395,82*,43.88,229,172.48,0,2,1,33,20
C Munro,5,5,0,63,33,12.6,41,153.65,0,0,2,7,4
DJ Muthuswami,6,2,1,1,1,1,3,33.33,0,0,0,0,0
S Nadeem,61,19,7,32,6*,2.66,78,41.02,0,0,5,1,0
Y Nagar,26,20,6,285,44*,20.35,259,110.03,0,0,2,20,9
KK Nair,28,25,2,638,83*,27.73,523,121.98,0,4,1,79,12
DP Nannes,22,2,1,4,3,4,13,30.76,0,0,0,0,0
JDS Neesham,4,3,0,42,22,14,46,91.3,0,0,0,3,1
P Negi,17,10,6,93,19*,23.25,88,105.68,0,0,0,6,4
A Nehra,27,8,3,25,22*,5,29,86.2,0,0,3,2,1
NV Ojha,35,33,7,425,64*,16.34,399,106.51,0,1,2,33,24
RR Pant,38,38,3,1248,128*,35.65,767,162.71,1,8,4,115,67
WD Parnell,8,2,1,2,2,2,2,100,0,0,0,0,0
HV Patel,5,2,1,60,36*,60,33,181.81,0,0,0,1,6
IK Pathan,46,37,14,468,44*,20.34,416,112.5,0,0,2,35,15
KP Pietersen,19,19,4,599,103*,39.93,440,136.13,1,2,1,56,27
LE Plunkett,7,2,1,1,1*,1,3,33.33,0,0,1,0,0
K Rabada,6,3,0,55,44,18.33,64,85.93,0,0,1,5,1
BJ Rohrer,8,8,2,193,64*,32.16,140,137.85,0,1,0,21,5
JJ Roy,5,5,1,120,91*,30,94,127.65,0,1,0,9,7
AD Russell,7,4,0,58,31,14.5,40,145,0,0,0,3,3
AM Salvi,7,-,-,-,-,-,-,-,-,-,-,-,-
SV Samson,28,28,3,677,102,27.08,532,127.25,1,3,2,52,27
MN Samuels,5,4,0,29,27,7.25,31,93.54,0,0,1,1,2
GS Sandhu,3,-,-,-,-,-,-,-,-,-,-,-,-
PJ Sangwan,28,9,5,18,6*,4.5,29,62.06,0,0,2,0,0
V Sehwag,79,79,5,2174,119,29.37,1356,160.32,1,15,6,266,85
V Shankar,13,11,7,212,54*,53,148,143.24,0,1,0,11,11
R Sharma,2,-,-,-,-,-,-,-,-,-,-,-,-
PP Shaw,9,9,0,245,65,27.22,160,153.12,0,2,0,27,10
Shoaib Malik,7,5,1,52,24,13,47,110.63,0,0,0,5,0
LR Shukla,5,3,0,31,21,10.33,38,81.57,0,0,1,2,1
R Shukla,3,3,2,18,14,18,21,85.71,0,0,0,2,0
S Sriram,1,1,0,4,4,4,7,57.14,0,0,0,0,0
AP Tare,3,3,0,18,18,6,23,78.26,0,0,2,3,0
LRPL Taylor,16,16,3,256,55,19.69,230,111.3,0,1,1,18,7
R Tewatia,8,5,2,50,24,16.66,43,116.27,0,0,0,5,1
MK Tiwary,24,19,7,322,61*,26.83,272,118.38,0,1,2,39,5
SS Tiwary,7,6,6,109,28*,-,78,139.74,0,0,0,9,5
JD Unadkat,10,2,1,1,1*,1,6,16.66,0,0,1,0,0
RE van der Merwe,10,6,4,36,14,18,41,87.8,0,0,0,3,0
Y Venugopal Rao,25,21,3,468,60,26,406,115.27,0,1,0,38,18
DL Vettori,12,7,4,67,29,22.33,59,113.55,0,0,0,7,0
M Vijay,11,11,0,207,52,18.81,192,107.81,0,1,1,20,5
MS Wade,3,3,0,22,11,7.33,33,66.66,0,0,0,0,0
DA Warner,55,55,5,1435,109*,28.7,1078,133.11,2,10,5,146,58
J Yadav,10,2,0,6,5,3,10,60,0,0,0,0,0
UT Yadav,47,14,10,44,12*,11,54,81.48,0,0,2,3,1
Yuvraj Singh,14,13,0,248,57,19.07,210,118.09,0,2,1,23,10
S Ladda,3,-,-,-,-,-,-,-,-,-,-,-,-
AB Agarkar,27,17,9,160,39,20,132,121.21,0,0,0,12,5
Anureet Singh,3,-,-,-,-,-,-,-,-,-,-,-,-
Azhar Mahmood,1,1,0,6,6,6,7,85.71,0,0,0,1,0
L Balaji,35,5,4,13,9*,13,12,108.33,0,0,1,1,0
SB Bangar,1,1,0,2,2,2,9,22.22,0,0,0,0,0
R Bhatia,46,22,10,159,26*,13.25,130,122.3,0,0,0,15,3
MS Bisla,27,27,1,543,92,20.88,494,109.91,0,3,2,60,16
SE Bond,8,1,0,1,1,1,2,50,0,0,0,0,0
J Botha,4,3,0,31,17,10.33,15,206.66,0,0,0,5,1
MV Boucher,4,3,2,6,5,6,6,100,0,0,0,0,0
TA Boult,6,1,1,5,5*,-,8,62.5,0,0,0,0,0
DM Bravo,1,1,1,6,6*,-,5,120,0,0,0,1,0
KC Cariappa,1,-,-,-,-,-,-,-,-,-,-,-,-
PP Chawla,57,24,9,141,22,9.4,132,106.81,0,0,5,14,4
A Chopra,7,6,0,53,24,8.83,71,74.64,0,0,0,7,0
NM Coulter-Nile,8,3,0,14,6,4.66,12,116.66,0,0,0,0,2
PJ Cummins,4,1,0,0,0,0,2,0,0,0,1,0,0
TK Curran,5,4,1,23,18,7.66,28,82.14,0,0,0,3,0
DB Das,31,22,8,304,35*,21.71,261,116.47,0,0,1,23,16
C de Grandhomme,12,9,1,126,36,15.75,92,136.95,0,0,3,10,6
M de Lange,3,-,-,-,-,-,-,-,-,-,-,-,-
AB Dinda,29,6,2,4,2,1,8,50,0,0,2,0,0
P Dogra,1,1,0,5,5,5,8,62.5,0,0,0,0,0
G Gambhir,108,108,12,3035,93,31.61,2442,124.28,0,27,10,352,46
SC Ganguly,40,38,2,1031,91,28.63,933,110.5,0,7,3,104,36
RS Gavaskar,2,1,0,2,2,2,8,25,0,0,0,0,0
CH Gayle,16,16,1,463,88,30.86,327,141.59,0,2,1,45,26
AN Ghosh,2,2,0,7,7,3.5,8,87.5,0,0,1,1,0
SP Goswami,5,4,0,29,22,7.25,29,100,0,0,1,5,0
BJ Haddin,1,1,0,18,18,18,11,163.63,0,0,0,2,1
Harpreet Singh,1,-,-,-,-,-,-,-,-,-,-,-,-
JW Hastings,2,-,-,-,-,-,-,-,-,-,-,-,-
MC Henriques,4,3,1,38,30*,19,40,95,0,0,0,2,1
BJ Hodge,19,19,3,476,73,29.75,417,114.14,0,4,2,47,10
GB Hogg,11,3,2,7,5,7,6,116.66,0,0,0,0,0
JO Holder,4,4,0,22,13,5.5,19,115.78,0,0,1,2,1
DJ Hussey,23,23,4,511,71,26.89,404,126.48,0,2,3,31,28
Iqbal Abdulla,33,8,8,26,12*,-,32,81.25,0,0,0,1,0
SP Jackson,4,3,1,38,16,19,31,122.58,0,0,0,5,0
IR Jaggi,2,2,1,33,28,33,39,84.61,0,0,0,3,0
MG Johnson,6,2,2,16,12*,-,11,145.45,0,0,0,2,0
JH Kallis,56,54,5,1295,80*,26.42,1213,106.76,0,7,5,128,23
KD Karthik,16,16,6,498,52,49.8,337,147.77,0,2,0,49,16
M Kartik,26,7,2,73,21,14.6,69,105.79,0,0,0,5,0
Kuldeep Yadav,31,5,2,32,16,10.66,46,69.56,0,0,0,3,0
CK Langeveldt,4,1,0,0,0,0,1,0,0,0,1,0,0
B Lee,25,9,3,68,25,11.33,41,165.85,0,0,0,3,6
CA Lynn,27,27,3,869,93*,36.2,611,142.22,0,6,1,86,41
BB McCullum,35,35,3,882,158*,27.56,731,120.65,1,4,2,92,32
R McLaren,2,2,0,3,2,1.5,6,50,0,0,0,0,0
Mandeep Singh,3,2,0,4,4,2,11,36.36,0,0,1,1,0
Mashrafe Mortaza,1,1,1,2,2*,-,2,100,0,0,0,0,0
AD Mathews,15,12,4,249,65*,31.12,197,126.39,0,1,1,20,8
BAW Mendis,7,2,1,1,1*,1,2,50,0,0,1,0,0
Mohammad Hafeez,8,8,1,64,16,9.14,83,77.1,0,0,0,7,2
Mohammed Shami,3,1,0,5,5,5,10,50,0,0,0,0,0
EJG Morgan,26,22,2,444,66,22.2,357,124.36,0,2,1,45,16
M Morkel,29,5,5,9,4*,-,7,128.57,0,0,0,0,0
C Munro,4,3,0,30,16,10,30,100,0,0,0,3,0
SP Narine,98,48,12,628,75,17.44,372,168.81,0,3,4,76,35
S Narwal,2,1,0,23,23,23,15,153.33,0,0,0,4,0
MK Pandey,55,52,12,1270,94,31.75,1015,125.12,0,6,3,102,38
MB Parmar,1,-,-,-,-,-,-,-,-,-,-,-,-
YK Pathan,106,91,31,1893,72,31.55,1369,138.27,0,7,7,150,85
RT Ponting,4,4,0,39,20,9.75,53,73.58,0,0,2,2,1
M Prasidh Krishna,7,2,2,1,1*,-,5,20,0,0,0,0,0
CA Pujara,10,6,2,122,45*,30.5,115,106.08,0,0,0,14,3
AS Rajpoot,9,1,0,4,4,4,7,57.14,0,0,0,1,0
N Rana,15,15,2,304,59,23.38,232,131.03,0,1,0,26,14
AD Russell,43,35,6,832,88*,28.68,462,180.08,0,4,1,62,65
WP Saha,33,24,13,298,59*,27.09,213,139.9,0,1,1,24,12
Salman Butt,7,7,0,193,73,27.57,161,119.87,0,1,0,30,2
PJ Sangwan,3,1,1,4,4*,-,2,200,0,0,0,1,0
SS Sarkar,2,-,-,-,-,-,-,-,-,-,-,-,-
R Sathish,4,3,0,24,10,8,24,100,0,0,0,1,1
JPR Scantlebury-Searles,4,2,1,8,6*,8,6,133.33,0,0,0,0,1
SMSM Senanayake,8,4,3,10,7*,10,17,58.82,0,0,0,0,0
OA Shah,5,5,3,115,58*,57.5,95,121.05,0,1,0,7,5
SS Shaikh,2,1,0,6,6,6,7,85.71,0,0,0,1,0
Shakib Al Hasan,43,32,9,498,66*,21.65,382,130.36,0,2,2,44,15
I Sharma,31,11,7,33,9,8.25,41,80.48,0,0,1,2,1
Shivam Mavi,9,4,1,13,7,4.33,15,86.66,0,0,1,1,0
Shoaib Akhtar,3,1,0,2,2,2,7,28.57,0,0,0,0,0
Shubman Gill,13,11,5,203,57*,33.83,139,146.04,0,1,0,22,5
LR Shukla,42,31,7,374,48*,15.58,312,119.87,0,0,2,31,14
RK Singh,4,4,0,29,16,7.25,31,93.54,0,0,0,4,0
T Taibu,3,3,0,31,15,10.33,26,119.23,0,0,0,3,0
RN ten Doeschate,29,22,8,326,70*,23.28,235,138.72,0,1,3,26,15
MK Tiwary,54,49,15,1002,75*,29.47,897,111.7,0,4,5,82,23
Umar Gul,6,4,1,39,24,13,19,205.26,0,0,0,1,5
JD Unadkat,12,-,-,-,-,-,-,-,-,-,-,-,-
RV Uthappa,74,73,2,2157,87,30.38,1545,139.61,0,15,3,227,75
MN van Wyk,5,5,2,167,74,55.66,132,126.51,0,1,1,19,1
R Vinay Kumar,11,5,3,10,6*,5,9,111.11,0,0,1,1,0
CR Woakes,13,7,3,46,18,11.5,47,97.87,0,0,0,4,1
SA Yadav,54,41,14,608,60,22.51,461,131.88,0,1,1,54,21
UT Yadav,47,11,8,50,24*,16.66,36,138.88,0,0,1,5,2
Yashpal Singh,8,4,0,47,20,11.75,66,71.21,0,0,0,5,0
KK Ahmed,1,-,-,-,-,-,-,-,-,-,-,-,-
Anand Rajan,2,-,-,-,-,-,-,-,-,-,-,-,-
S Anirudha,1,1,0,3,3,3,5,60,0,0,0,0,0
Ankit Sharma,1,-,-,-,-,-,-,-,-,-,-,-,-
A Ashish Reddy,22,18,7,245,36*,22.27,164,149.39,0,0,0,14,13
Basil Thampi,4,2,1,3,3,3,6,50,0,0,0,0,0
RK Bhui,1,1,0,0,0,0,5,0,0,0,1,0,0
Bipul Sharma,18,8,4,83,27*,20.75,51,162.74,0,0,0,3,6
RS Bopara,9,8,3,145,41,29,120,120.83,0,0,1,6,6
TA Boult,8,-,-,-,-,-,-,-,-,-,-,-,-
CR Brathwaite,4,4,1,75,43*,25,48,156.25,0,0,0,1,8
BCJ Cutting,8,7,3,116,39*,29,60,193.33,0,0,1,9,9
Q de Kock,3,3,0,6,4,2,15,40,0,0,1,1,0
S Dhawan,85,85,12,2518,92*,34.49,2026,124.28,0,19,3,294,49
AJ Finch,13,13,2,309,88*,28.09,263,117.49,0,2,0,31,9
SP Goswami,6,3,0,52,35,17.33,40,130,0,0,0,6,1
AD Hales,6,6,0,148,45,24.66,118,125.42,0,0,0,13,6
MC Henriques,42,37,10,755,74*,27.96,586,128.83,0,5,2,63,23
JO Holder,1,1,0,16,16,16,12,133.33,0,0,0,2,1
DJ Hooda,36,29,8,309,34,14.71,254,121.65,0,0,0,16,12
CJ Jordan,2,1,0,0,0,0,1,0,0,0,1,0,0
S Kaul,27,5,2,3,2,1,16,18.75,0,0,1,0,0
B Kumar,71,19,8,78,21,7.09,61,127.86,0,0,3,9,2
P Kumar,12,4,1,17,12,5.66,25,68,0,0,1,1,0
A Mishra,27,10,3,93,30,13.28,103,90.29,0,0,3,9,0
Mohammad Nabi,5,3,0,20,14,6.66,15,133.33,0,0,0,3,0
Mohammed Siraj,6,-,-,-,-,-,-,-,-,-,-,-,-
EJG Morgan,16,15,2,310,63,23.84,256,121.09,0,2,1,19,15
Mustafizur Rahman,17,-,-,-,-,-,-,-,-,-,-,-,-
A Nehra,14,4,4,1,1*,-,1,100,0,0,0,0,0
NV Ojha,56,39,9,584,79*,19.46,485,120.41,0,1,3,35,29
MK Pandey,15,13,2,284,62*,25.81,246,115.44,0,3,1,22,5
Parvez Rasool,5,2,2,2,2*,-,2,100,0,0,0,0,0
PA Patel,13,13,0,294,61,22.61,255,115.29,0,1,0,37,4
IK Pathan,10,6,4,55,23*,27.5,54,101.85,0,0,0,5,0
YK Pathan,15,13,4,260,45*,28.88,200,130,0,0,0,22,11
NLTC Perera,16,14,4,233,40,23.3,163,142.94,0,0,0,12,14
KL Rahul,20,16,3,308,46,23.69,290,106.2,0,0,0,20,8
Rashid Khan,31,10,3,70,34*,10,40,175,0,0,2,3,7
DB Ravi Teja,2,2,1,14,10,14,17,82.35,0,0,0,0,0
PA Reddy,7,7,0,91,27,13,101,90.09,0,0,0,9,0
WP Saha,11,10,2,122,35,15.25,102,119.6,0,0,1,17,1
BB Samantray,8,7,2,123,55,24.6,111,110.81,0,1,1,13,2
DJG Sammy,20,18,5,282,60,21.69,223,126.45,0,1,2,15,18
Sandeep Sharma,12,3,1,0,0*,0,4,0,0,0,2,0,0
KC Sangakkara,9,9,0,120,28,13.33,136,88.23,0,0,0,13,0
V Shankar,4,4,2,101,63*,50.5,75,134.66,0,1,0,12,1
Shakib Al Hasan,17,13,2,239,35,21.72,197,121.31,0,0,0,26,5
I Sharma,23,2,2,0,0*,-,0,-,0,0,0,0,0
KV Sharma,46,27,13,267,39*,19.07,230,116.08,0,0,1,13,12
BB Sran,15,4,4,4,2*,-,4,100,0,0,0,0,0
B Stanlake,4,1,1,5,5*,-,2,250,0,0,0,1,0
DW Steyn,37,15,9,95,19*,15.83,75,126.66,0,0,2,9,2
AP Tare,3,2,0,8,8,4,15,53.33,0,0,1,1,0
X Thalaivan Sargunam,1,1,0,10,10,10,17,58.82,0,0,0,0,0
Y Venugopal Rao,7,5,2,71,27,23.66,63,112.69,0,0,0,8,0
GH Vihari,22,21,3,280,46,15.55,313,89.45,0,0,0,23,1
DA Warner,59,59,10,2579,126,52.63,1746,147.7,1,26,2,255,102
CL White,13,13,1,209,52,17.41,191,109.42,0,1,2,18,7
KS Williamson,32,32,5,1146,89,42.44,834,137.41,0,11,1,98,39
Yuvraj Singh,22,21,3,488,70*,27.11,356,137.07,0,2,1,52,21
MA Agarwal,3,3,0,26,20,8.66,27,96.29,0,0,1,3,0
Ankit Sharma,4,2,1,28,25,28,18,155.55,0,0,0,2,1
M Ashwin,10,1,0,0,0,0,1,0,0,0,1,0,0
R Ashwin,14,6,4,41,29,20.5,38,107.89,0,0,1,3,1
GJ Bailey,6,5,1,84,34,21,98,85.71,0,0,1,9,2
R Bhatia,13,8,6,50,21,25,37,135.13,0,0,0,1,3
SM Boland,2,-,-,-,-,-,-,-,-,-,-,-,-
DL Chahar,5,1,0,14,14,14,6,233.33,0,0,0,0,2
RD Chahar,3,1,1,3,3*,-,2,150,0,0,0,0,0
DT Christian,13,9,4,79,17*,15.8,49,161.22,0,0,0,5,5
MS Dhoni,30,27,9,574,64*,31.88,460,124.78,0,2,0,33,30
AB Dinda,12,1,0,7,7,7,7,100,0,0,0,1,0
F du Plessis,8,7,0,214,69,30.57,169,126.62,0,2,0,18,9
LH Ferguson,4,1,1,1,1*,-,1,100,0,0,0,0,0
PSP Handscomb,2,1,0,6,6,6,12,50,0,0,0,0,0
Imran Tahir,12,1,1,0,0*,-,2,0,0,0,0,0,0
UT Khawaja,6,6,0,127,30,21.16,100,127,0,0,0,14,3
MR Marsh,3,1,0,7,7,7,11,63.63,0,0,0,0,0
JA Morkel,2,1,0,16,16,16,9,177.77,0,0,0,0,2
IK Pathan,4,3,0,11,7,3.66,13,84.61,0,0,0,0,0
NLTC Perera,12,10,3,150,34,21.42,93,161.29,0,0,0,7,11
KP Pietersen,4,4,2,73,37,36.5,61,119.67,0,0,0,4,3
AM Rahane,30,30,4,862,74,33.15,702,122.79,0,8,4,89,18
I Sharma,4,1,1,0,0*,-,0,-,0,0,0,0,0
RP Singh,4,-,-,-,-,-,-,-,-,-,-,-,-
SPD Smith,23,22,4,742,101,41.22,563,131.79,1,3,0,65,20
BA Stokes,12,11,1,316,103*,31.6,221,142.98,1,1,0,22,15
SN Thakur,12,3,0,0,0,0,3,0,0,0,3,0,0
MK Tiwary,15,13,3,324,60,32.4,236,137.28,0,2,1,31,11
SS Tiwary,10,8,1,170,57,24.28,141,120.56,0,2,0,17,4
RA Tripathi,14,14,0,391,93,27.92,267,146.44,0,2,1,43,17
JD Unadkat,12,2,2,2,2*,-,5,40,0,0,0,0,0
Washington Sundar,11,5,4,9,5*,9,12,75,0,0,1,0,0
A Zampa,11,2,0,5,5,2.5,8,62.5,0,0,1,1,0
VR Aaron,24,5,4,41,17*,41,37,110.81,0,0,0,2,2
SA Abbott,2,2,0,15,14,7.5,13,115.38,0,0,0,1,1
Abdur Razzak,1,1,1,0,0*,-,2,0,0,0,0,0,0
MA Agarwal,29,24,1,433,64*,18.82,340,127.35,0,1,1,41,22
AN Ahmed,7,4,3,14,5*,14,6,233.33,0,0,0,3,0
B Akhil,14,10,5,63,27*,12.6,46,136.95,0,0,2,5,4
MM Ali,5,4,0,77,65,19.25,46,167.39,0,1,0,4,6
CJ Anderson,3,3,0,17,15,5.66,22,77.27,0,0,1,0,1
KP Appanna,14,3,2,2,1*,2,4,50,0,0,0,0,0
S Aravind,38,12,8,59,14*,14.75,57,103.5,0,0,2,7,0
KB Arun Karthik,16,7,2,48,19*,9.6,46,104.34,0,0,1,4,1
J Arunkumar,3,3,0,23,22,7.66,23,100,0,0,1,5,0
M Ashwin,2,1,0,1,1,1,2,50,0,0,0,0,0
Avesh Khan,1,-,-,-,-,-,-,-,-,-,-,-,-
S Badree,7,5,0,13,8,2.6,23,56.52,0,0,2,0,0
RR Bhatkal,1,1,0,0,0,0,2,0,0,0,1,0,0
STR Binny,22,13,4,141,21,15.66,115,122.6,0,0,0,11,7
R Bishnoi,3,3,0,19,18,6.33,17,111.76,0,0,1,1,2
MS Bisla,2,2,0,37,20,18.5,30,123.33,0,0,0,6,1
MV Boucher,27,21,8,388,50*,29.84,303,128.05,0,1,0,32,13
YS Chahal,69,11,8,15,4*,5,32,46.87,0,0,1,0,0
S Chanderpaul,3,3,0,25,16,8.33,31,80.64,0,0,0,4,0
B Chipli,3,3,0,20,10,6.66,28,71.42,0,0,0,3,0
A Choudhary,5,3,2,25,15*,25,20,125,0,0,0,1,1
DT Christian,2,2,0,6,4,3,15,40,0,0,0,0,0
C de Grandhomme,9,8,3,131,40,26.2,84,155.95,0,0,0,4,10
Q de Kock,8,8,0,201,53,25.12,162,124.07,0,1,0,20,8
AB de Villiers,113,103,24,3282,133*,41.54,2047,160.33,2,25,6,275,174
TM Dilshan,25,24,3,587,76*,27.95,534,109.92,0,5,3,78,8
AB Dinda,11,3,2,4,2*,4,12,33.33,0,0,1,0,0
ND Doshi,1,-,-,-,-,-,-,-,-,-,-,-,-
R Dravid,43,37,3,898,75*,26.41,731,122.84,0,4,3,97,17
D du Preez,2,1,0,10,10,10,13,76.92,0,0,0,0,0
CH Gayle,85,84,11,3163,175*,43.32,2071,152.72,5,19,5,248,239
SP Goswami,7,6,0,143,52,23.83,155,92.25,0,1,0,17,1
TM Head,10,10,3,205,75*,29.28,148,138.51,0,1,1,12,8
MC Henriques,10,9,5,165,44,41.25,125,132,0,0,0,20,3
Iqbal Abdulla,15,5,3,62,33*,31,52,119.23,0,0,1,8,1
KM Jadhav,17,16,4,309,69,25.75,218,141.74,0,1,0,27,12
W Jaffer,8,8,0,130,50,16.25,121,107.43,0,1,1,14,3
SB Jakati,1,-,-,-,-,-,-,-,-,-,-,-,-
CJ Jordan,9,1,0,3,3,3,4,75,0,0,0,0,0
SB Joshi,4,2,0,6,3,3,14,42.85,0,0,0,0,0
M Kaif,9,5,1,55,15,13.75,49,112.24,0,0,0,6,0
JH Kallis,42,42,6,1132,89*,31.44,1009,112.19,0,10,4,127,21
KD Karthik,16,11,0,141,28,12.81,117,120.51,0,0,0,15,4
M Kartik,11,2,1,2,2*,2,3,66.66,0,0,1,0,0
AA Kazi,1,-,-,-,-,-,-,-,-,-,-,-,-
SN Khan,25,18,7,228,45*,20.72,143,159.44,0,0,1,26,7
Z Khan,44,15,7,67,21,8.37,84,79.76,0,0,4,7,0
K Khejroliya,3,-,-,-,-,-,-,-,-,-,-,-,-
V Kohli,163,155,26,4948,113,38.35,3784,130.76,4,34,6,434,177
P Kumar,38,24,7,181,34,10.64,152,119.07,0,0,4,11,12
A Kumble,42,17,14,35,8,11.66,47,74.46,0,0,0,3,0
CK Langeveldt,3,1,0,8,8,8,8,100,0,0,0,0,1
BB McCullum,6,6,0,127,43,21.16,88,144.31,0,0,1,16,6
AB McDonald,5,4,1,47,30,15.66,37,127.02,0,0,1,6,2
NJ Maddinson,3,3,0,20,12,6.66,21,95.23,0,0,0,4,0
Mandeep Singh,40,32,5,597,54*,22.11,463,128.94,0,2,4,54,21
TS Mills,5,3,0,8,6,2.66,11,72.72,0,0,1,0,1
AF Milne,5,3,1,7,5,3.5,12,58.33,0,0,0,0,0
Misbah-ul-Haq,8,8,1,117,47*,16.71,81,144.44,0,0,2,10,6
A Mithun,16,8,3,34,11,6.8,26,130.76,0,0,1,4,1
Mohammed Siraj,11,4,2,25,14,12.5,22,113.63,0,0,0,2,1
EJG Morgan,6,4,1,35,17,11.66,30,116.66,0,0,0,2,1
JA Morkel,7,5,2,45,16,15,41,109.75,0,0,0,1,3
A Mukund,1,1,0,19,19,19,21,90.47,0,0,0,1,0
M Muralitharan,21,2,0,6,6,3,9,66.66,0,0,1,0,0
KK Nair,2,2,0,9,9,4.5,12,75,0,0,1,0,0
DP Nannes,2,-,-,-,-,-,-,-,-,-,-,-,-
P Negi,14,12,2,147,35,14.7,116,126.72,0,0,1,10,7
R Ninan,2,1,0,3,3,3,6,50,0,0,0,0,0
AA Noffke,1,1,0,9,9,9,10,90,0,0,0,1,0
MK Pandey,18,17,3,417,114*,29.78,344,121.22,1,0,2,44,11
Pankaj Singh,5,3,1,2,1*,1,4,50,0,0,1,0,0
P Parameswaran,3,1,1,0,0*,-,1,0,0,0,0,0,0
Parvez Rasool,4,1,0,10,10,10,9,111.11,0,0,0,1,0
HV Patel,36,14,5,47,10,5.22,34,138.23,0,0,3,2,3
PA Patel,18,18,3,358,57*,23.86,294,121.76,0,2,0,50,5
AUK Pathan,8,7,2,39,14,7.8,23,169.56,0,0,2,5,2
DT Patil,2,2,0,13,9,6.5,13,100,0,0,0,1,0
KP Pietersen,13,13,3,329,66*,32.9,242,135.95,0,2,2,31,10
LA Pomersbach,5,4,0,51,29,12.75,39,130.76,0,0,0,4,2
CA Pujara,14,10,0,143,51,14.3,152,94.07,0,1,1,19,1
KL Rahul,19,14,3,417,68*,37.9,287,145.29,0,4,1,41,16
R Rampaul,12,7,2,51,23*,10.2,50,102,0,0,3,3,2
S Rana,9,7,4,73,19*,24.33,65,112.3,0,0,0,7,1
KW Richardson,4,1,1,1,1*,-,1,100,0,0,0,0,0
RR Rossouw,5,5,0,53,24,10.6,51,103.92,0,0,1,3,3
JD Ryder,5,5,0,56,32,11.2,49,114.28,0,0,2,9,0
Sachin Baby,14,9,2,134,33,19.14,94,142.55,0,0,1,11,5
DJG Sammy,2,2,0,13,7,6.5,18,72.22,0,0,0,0,0
T Shamsi,4,-,-,-,-,-,-,-,-,-,-,-,-
KV Sharma,1,1,0,1,1,1,3,33.33,0,0,0,0,0
RP Singh,11,-,-,-,-,-,-,-,-,-,-,-,-
TG Southee,8,4,2,52,36*,26,46,113.04,0,0,0,5,1
S Sriram,1,1,0,27,27,27,29,93.1,0,0,0,3,0
B Stanlake,2,-,-,-,-,-,-,-,-,-,-,-,-
MA Starc,27,12,5,96,29,13.71,98,97.95,0,0,0,10,0
DW Steyn,28,8,2,15,8,2.5,25,60,0,0,3,2,0
J Syed Mohammad,11,5,3,29,13*,14.5,26,111.53,0,0,0,4,0
YV Takawale,5,5,0,104,45,20.8,91,114.28,0,0,2,17,1
LRPL Taylor,22,22,5,517,81*,30.41,364,142.03,0,2,1,35,31
SS Tiwary,40,30,10,487,52,24.35,464,104.95,0,1,0,26,17
JD Unadkat,13,2,2,2,1*,-,2,100,0,0,0,0,0
RV Uthappa,31,27,4,549,68*,23.86,388,141.49,0,4,1,39,30
RE van der Merwe,11,9,0,123,35,13.66,100,123,0,0,0,8,8
JJ van der Wath,3,3,1,18,14*,9,16,112.5,0,0,1,1,1
DL Vettori,22,10,5,54,20,10.8,54,100,0,0,1,4,2
R Vinay Kumar,64,29,11,237,26*,13.16,204,116.17,0,0,2,16,7
Vishnu Vinod,3,3,0,19,9,6.33,26,73.07,0,0,0,1,1
M Vohra,4,4,0,55,45,13.75,47,117.02,0,0,1,2,4
Washington Sundar,7,6,3,65,35,21.66,38,171.05,0,0,0,5,4
SR Watson,24,22,3,250,36,13.15,212,117.92,0,0,1,20,13
CL White,15,13,4,162,31*,18,135,120,0,0,1,11,7
D Wiese,15,8,4,127,47*,31.75,90,141.11,0,0,0,12,4
CR Woakes,5,4,2,17,11,8.5,19,89.47,0,0,0,1,1
UT Yadav,14,5,1,3,1*,0.75,11,27.27,0,0,2,0,0
Yuvraj Singh,14,14,3,376,83,34.18,278,135.25,0,3,1,22,28
VH Zol,3,2,0,29,16,14.5,26,111.53,0,0,0,3,1
Anand Rajan,6,-,-,-,-,-,-,-,-,-,-,-,-
Anirudh Singh,5,4,0,63,40,15.75,66,95.45,0,0,1,6,1
Ankit Sharma,9,4,1,18,15,6,13,138.46,0,0,0,0,2
A Ashish Reddy,9,5,1,35,10*,8.75,29,120.68,0,0,0,3,1
SB Bangar,11,7,1,47,17*,7.83,49,95.91,0,0,1,1,3
AA Bilakhia,7,7,2,69,22,13.8,85,81.17,0,0,0,5,0
B Chipli,19,17,6,244,61*,22.18,205,119.02,0,1,0,24,6
DT Christian,21,20,4,335,39,20.93,277,120.93,0,0,1,17,13
H Das,1,1,0,2,2,2,5,40,0,0,0,0,0
KH Devdhar,1,-,-,-,-,-,-,-,-,-,-,-,-
S Dhawan,29,29,3,969,95*,37.26,749,129.37,0,7,0,105,25
JP Duminy,19,19,6,449,74,34.53,364,123.35,0,3,0,22,19
FH Edwards,6,2,1,4,3*,4,5,80,0,0,0,0,0
HH Gibbs,33,33,3,805,69*,26.83,719,111.96,0,5,4,75,29
AC Gilchrist,46,46,1,1220,109*,27.11,828,147.34,1,7,4,136,64
MS Gony,9,3,1,4,4,2,10,40,0,0,1,0,0
Harmeet Singh,17,3,1,0,0*,0,1,0,0,0,2,0,0
DJ Harris,4,4,0,111,47,27.75,101,109.9,0,0,0,11,5
RJ Harris,16,10,5,66,15,13.2,57,115.78,0,0,0,2,2
IR Jaggi,5,5,1,43,25,10.75,58,74.13,0,0,0,3,0
Jaskaran Singh,8,5,4,8,4*,8,11,72.72,0,0,0,0,0
AA Jhunjhunwala,5,3,1,24,19,12,26,92.3,0,0,0,1,1
D Kalyankrishna,3,1,0,3,3,3,8,37.5,0,0,0,0,0
VVS Laxman,17,17,2,238,52,15.86,225,105.77,0,1,3,30,3
MJ Lumb,1,1,0,0,0,0,2,0,0,0,1,0,0
CA Lynn,1,1,0,6,6,6,9,66.66,0,0,0,1,0
I Malhotra,1,1,1,7,7*,-,4,175,0,0,0,1,0
MR Marsh,3,2,0,28,15,14,30,93.33,0,0,0,1,1
A Mishra,28,14,7,84,25*,12,69,121.73,0,0,4,10,1
MD Mishra,11,11,0,166,41,15.09,144,115.27,0,0,1,18,6
T Mishra,1,-,-,-,-,-,-,-,-,-,-,-,-
PP Ojha,54,14,6,6,2,0.75,19,31.57,0,0,5,0,0
PA Patel,14,13,2,194,45,17.63,165,117.57,0,0,1,19,4
V Pratap Singh,9,1,0,0,0,0,1,0,0,0,1,0,0
DB Ravi Teja,30,23,5,361,60,20.05,300,120.33,0,1,1,35,9
PA Reddy,5,4,1,73,42,24.33,59,123.72,0,0,0,6,2
KAJ Roach,2,1,0,10,10,10,9,111.11,0,0,0,1,0
BB Samantray,1,1,1,2,2*,-,2,100,0,0,0,0,0
KC Sangakkara,25,25,1,558,82,23.25,477,116.98,0,2,2,65,9
PM Sarvesh Kumar,2,1,1,1,1*,-,2,50,0,0,0,0,0
Shahid Afridi,10,9,1,81,33,10.12,46,176.08,0,0,1,7,6
I Sharma,12,5,5,4,1*,-,5,80,0,0,0,0,0
R Sharma,6,4,1,29,14*,9.66,26,111.53,0,0,1,3,1
RG Sharma,45,44,6,1170,76*,30.78,890,131.46,0,8,2,96,51
Shoaib Ahmed,8,3,1,1,1*,0.5,6,16.66,0,0,2,0,0
LPC Silva,3,3,1,40,23*,20,26,153.84,0,0,1,5,1
RP Singh,42,20,10,44,10,4.4,60,73.33,0,0,2,2,1
DR Smith,11,11,1,237,49,23.7,157,150.95,0,0,0,13,16
S Sohal,11,10,0,249,62,24.9,191,130.36,0,2,1,25,10
DW Steyn,24,11,2,55,13,6.11,56,98.21,0,0,0,3,1
SB Styris,10,9,2,126,36*,18,131,96.18,0,0,0,9,3
TP Sudhindra,3,1,1,0,0*,-,0,-,0,0,0,0,0
TL Suman,26,26,7,544,78*,28.63,447,121.7,0,2,2,41,20
B Sumanth,5,4,3,35,16,35,37,94.59,0,0,0,3,0
A Symonds,28,27,4,839,117*,36.47,612,137.09,1,5,0,65,38
J Theron,2,1,1,7,7*,-,6,116.66,0,0,0,1,0
WPUJC Vaas,13,11,3,81,20,10.12,73,110.95,0,0,3,2,3
Y Venugopal Rao,33,28,5,446,71*,19.39,367,121.52,0,2,2,31,19
DP Vijaykumar,9,2,2,1,1*,-,1,100,0,0,0,0,0
CL White,19,19,4,583,78,38.86,429,135.89,0,5,1,47,22
AS Yadav,8,6,1,49,16,9.8,39,125.64,0,0,1,5,2
DNT Zoysa,3,2,1,11,10*,11,9,122.22,0,0,0,1,0
